miRNA,9_5_3_4_CCAACA_S7_L001,9_5_3_8_CTCAGA_S11_L001,9_5_3_10_TAATCG_S2_L001,9_5_3_11_TACAGC_S3_L001,9_5_3_1_CAGGCG_S1_L001,9_5_3_6_CTAGCT_S9_L001,9_5_3_9_GACGAC_S12_L001,9_5_3_5_CGGAAT_S8_L001,9_5_3_12_TATAAT_S4_L001,9_5_3_2_CATGGC_S5_L001,9_5_3_3_CATTTT_S6_L001,9_5_3_7_CTATAC_S10_L001
hsa-mir-7-1_mature,116,62,322,187,17,393,30,285,212,169,85,222
hsa-mir-4772_mature,0,0,0,0,0,0,0,0,13,0,0,0
hsa-mir-450a-1_mature,3,3,0,0,0,10,0,0,4,0,0,0
hsa-mir-205_mature,0,0,0,0,0,0,0,23,6,0,0,0
hsa-mir-3115_mature,57,0,42,54,0,189,0,80,72,0,0,0
hsa-mir-1910_mature,0,0,30,3,0,24,0,30,3,10,0,0
hsa-mir-627_precursor,0,0,0,0,0,0,0,23,0,0,0,0
hsa-mir-6716_mature,2,0,3,71,0,0,36,15,13,0,0,0
hsa-mir-3689a_mature,0,0,0,0,0,0,0,6,0,0,0,0
hsa-mir-10a_mature,60,17,10,50,13,0,4,169,2,26,16,27
hsa-mir-4670_mature,0,0,8,0,0,0,0,39,0,0,0,11
hsa-mir-107_unannotated,0,0,28,0,0,6,0,39,0,0,0,7
hsa-mir-454_stemloop,0,0,5,0,0,0,0,0,0,0,0,0
hsa-mir-5188_mature,0,0,0,0,0,29,0,0,0,0,0,0
hsa-mir-6875_mature,30,0,0,0,0,0,0,0,0,0,0,0
hsa-mir-3150a_mature,8,0,11,4,0,2,5,11,8,0,0,0
hsa-mir-3139_mature,8,0,27,0,0,0,0,33,36,0,0,0
hsa-mir-6869_mature,0,0,0,0,0,6,0,0,0,0,0,0
hsa-mir-892a_mature,0,0,0,0,0,0,0,0,17,0,0,0
hsa-mir-4429_mature,5,0,10,8,0,17,0,7,2,0,0,0
hsa-mir-4766_mature,0,0,0,23,0,9,0,0,4,0,0,0
hsa-mir-3130-1_mature,38,12,18,56,10,28,2,52,26,4,22,4
hsa-mir-145_mature,727,52,1262,985,49,1269,41,1566,1075,37,116,45
hsa-mir-3175_mature,57,0,61,96,0,50,0,85,83,0,0,10
hsa-mir-892b_mature,12,0,2,7,0,0,0,0,6,0,0,0
hsa-mir-1236_mature,12,13,25,9,0,95,14,32,58,0,49,18
hsa-let-7e_mature,55,549,43,27,566,51,394,114,88,209,621,398
hsa-mir-519a-1_mature,9,0,32,32,0,9,0,0,0,0,0,11
hsa-mir-12114_mature,10,0,1,8,0,0,0,0,4,0,0,0
hsa-mir-3615_mature,470,160,612,1209,266,1066,138,1276,587,98,343,91
hsa-mir-103a-2_stemloop,0,0,0,21,0,0,0,0,0,0,0,0
hsa-mir-29b-1_precursor,0,0,0,17,0,0,0,0,0,0,0,0
hsa-mir-7973-1_mature,0,0,8,20,0,53,0,16,6,0,0,0
hsa-mir-2110_mature,1653,160,2042,2737,214,3172,230,3621,1536,276,175,619
hsa-mir-6881_mature,4,2,52,107,0,75,0,14,37,30,21,30
hsa-mir-376c_mature,17,0,16,8,0,40,0,0,20,40,0,0
hsa-mir-4444-2_mature,0,0,0,0,0,1,0,4,0,0,0,0
hsa-mir-3659_mature,0,0,0,0,0,0,0,31,0,0,0,0
hsa-mir-493_mature,86,0,123,162,184,33,57,97,66,0,57,45
hsa-mir-192_stemloop,0,0,0,0,0,0,0,20,0,0,0,0
hsa-mir-369_mature,142,169,132,284,98,377,71,307,216,118,232,168
hsa-mir-27b_mature,201,0,564,131,0,275,0,300,346,11,76,0
hsa-mir-4435-2_mature,18,0,41,30,0,62,0,29,33,7,0,0
hsa-mir-4782_mature,4,0,8,0,0,0,0,15,5,0,0,0
hsa-mir-6762_mature,0,0,0,0,0,0,0,0,15,0,0,0
hsa-mir-4774_mature,0,0,0,19,0,0,0,0,1,0,0,0
hsa-mir-423_mature,119112,45100,196097,219073,36527,201728,28080,266891,149936,32525,71561,43614
hsa-mir-30e_mature,58833,117,67462,64500,160,3003,79,148296,63809,81,188,111
hsa-mir-146b_mature,69,23,263,120,3,87,38,247,105,126,9473,1
hsa-mir-1178_mature,8,0,0,0,0,0,0,0,0,0,0,0
hsa-mir-1323_mature,228,110,465,292,0,325,0,509,295,31,12,136
hsa-mir-548al_mature,0,0,0,0,0,0,0,0,7,0,0,0
hsa-mir-3174_mature,225,1,342,268,0,299,34,377,211,14,121,42
hsa-mir-200c_mature,453,0,808,251,0,692,17,692,691,12,29,0
hsa-mir-214_mature,8,0,9,3,0,0,14,36,7,0,0,0
hsa-mir-5000_mature,0,0,0,16,0,0,0,19,4,0,0,0
hsa-mir-541_mature,10,0,31,0,0,0,0,49,10,0,0,0
hsa-mir-6756_mature,0,0,0,3,0,0,0,0,0,0,0,0
hsa-mir-4424_unannotated,0,0,26,0,20,2,0,41,10,0,0,0
hsa-mir-6864_mature,0,0,0,0,0,0,0,0,8,0,0,0
hsa-mir-6807_mature,18,0,138,167,12,144,0,67,51,28,97,36
hsa-mir-4470_unannotated,0,0,0,0,0,0,0,0,4,0,0,0
hsa-mir-4654_mature,31,0,76,23,0,63,13,113,7,0,0,0
hsa-mir-33a_precursor,3,0,22,70,0,25,0,29,43,22,0,0
hsa-mir-129-2_mature,4,0,15,13,0,52,0,13,22,14,11,0
hsa-mir-455_mature,3830,2,5667,3482,162,5915,31,6509,5002,216,37,249
hsa-mir-101-2_mature,14940,2619,22586,31044,1927,27045,2065,20,22043,1728,2870,3194
hsa-mir-324_mature,171,40,348,375,69,231,26,413,226,18,42,24
hsa-mir-378c_mature,6,0,25,0,0,22,0,14,9,0,0,0
hsa-mir-148b_mature,275,88,266,92,39,408,37,496,135,33,118,8
hsa-mir-3146_mature,1,0,4,11,0,0,0,0,3,0,0,0
hsa-mir-610_mature,13,0,0,0,0,0,0,0,0,0,0,0
hsa-mir-760_unannotated,4,0,0,0,0,0,0,24,2,0,0,0
hsa-mir-12136_stemloop,0,0,0,0,0,0,0,0,2,0,0,0
hsa-mir-4766_precursor,0,0,0,0,0,0,0,0,2,0,0,0
hsa-mir-206_mature,0,0,2,0,0,0,0,0,0,0,0,0
hsa-mir-3159_mature,13,0,0,0,0,30,0,0,4,0,0,0
hsa-mir-6754_mature,0,0,0,1,34,5,0,20,0,0,0,12
hsa-mir-197_mature,45,2,36,54,2772,34,25,12,21,1987,40,2262
hsa-mir-330_mature,20,158,32,66,178,120,117,170,71,178,377,187
hsa-mir-450b_mature,69,0,85,100,64,141,18,117,91,0,0,17
hsa-mir-4525_mature,4,68,36,73,15,25,28,9,9,0,0,55
hsa-mir-193a_mature,1164,487,21,31,451,2399,6,10,9,489,912,714
hsa-mir-6865_mature,0,0,21,14,0,21,0,0,0,0,74,0
hsa-mir-425_precursor,0,0,5,0,0,0,0,0,0,0,0,0
hsa-mir-24-1_mature,216,2,385,176,19309,253,17281,659,372,33,4,27524
hsa-mir-766_mature,106,0,226,138,26,247,27,90,153,29,1,1
hsa-mir-1976_unannotated,0,0,0,0,0,0,0,0,20,0,0,0
hsa-mir-6862-2_mature,42,0,87,74,0,36,5,167,37,19,34,24
hsa-mir-769_mature,16,40,67,59,152,56,127,76,38,122,141,10
hsa-mir-3158-2_mature,80,67,119,96,19,151,8,16,118,32,100,72
hsa-mir-4660_mature,38,0,0,21,0,61,0,20,66,0,0,0
hsa-mir-6514_mature,48,0,122,151,52,80,18,171,90,0,10,75
hsa-mir-105-1_mature,13,0,2,0,0,54,0,7,12,0,10,0
hsa-mir-6894_precursor,0,0,0,32,0,0,0,0,0,0,0,28
hsa-mir-4466_mature,0,0,0,10,0,0,0,0,0,0,0,0
hsa-mir-641_mature,114,0,197,197,42,314,0,152,214,0,0,0
hsa-mir-3609_mature,45,0,14,32,0,0,13,24,6,0,0,0
hsa-mir-1294_mature,53,0,0,0,0,0,0,29,14,0,0,0
hsa-mir-92a-1_precursor,0,0,0,0,0,0,0,0,0,0,0,18
hsa-mir-6729_mature,0,0,0,0,0,0,0,0,5,0,0,6
hsa-mir-7973-1_unannotated,3,0,0,7,0,0,0,0,0,0,0,0
hsa-mir-877_mature,6251,26,8,10,93,46,11,70,23,35,36,14
hsa-mir-7114_mature,18,0,27,67,0,23,11,0,27,0,0,13
hsa-mir-103a-1_mature,3,0,9,0,0,0,0,0,7,0,0,0
hsa-mir-4700_mature,22,0,0,38,0,0,0,35,0,0,0,0
hsa-mir-6857_mature,0,0,0,0,0,0,17,0,3,0,0,0
hsa-mir-27a_precursor,7,0,0,0,0,0,0,0,0,0,0,0
hsa-mir-100_mature,215,159,226,0,274,298,0,0,0,24,223,112
hsa-mir-3918_mature,9,0,5,58,0,0,0,0,6,0,0,2
hsa-mir-30c-1_mature,52,430,33,23,680,17,0,12,25,524,0,5
hsa-mir-1269a_mature,215,0,511,434,0,266,0,396,451,0,62,14
hsa-mir-6721_mature,0,0,38,0,0,0,0,30,0,0,0,0
hsa-mir-3177_mature,21,100,14,20,158,1480,113,67,9,99,110,146
hsa-mir-483_mature,12016,33235,23435,20558,34278,23588,29315,21297,15732,34731,53141,34185
hsa-mir-4712_mature,0,0,0,0,0,0,0,16,0,0,0,0
hsa-mir-4637_mature,6,0,0,0,0,19,0,0,14,0,0,0
hsa-mir-6799_mature,0,0,0,18,0,0,0,0,0,0,0,0
hsa-mir-9-3_mature,24,16,63,68,18,27,2,52,42,21,0,12
hsa-mir-6739_mature,6,0,18,0,33,9,0,75,18,0,0,1
hsa-mir-6871_mature,1,0,6,33,0,5,0,20,5,0,0,29
hsa-mir-6837_mature,0,0,0,27,0,0,0,0,0,0,0,0
hsa-mir-187_mature,8,0,18,3,0,50,0,0,33,0,0,0
hsa-mir-194-2_mature,384,66,659,537,1311,391,1122,667,642,51,59,196
hsa-mir-3148_mature,7,0,8,12,0,56,0,50,36,0,0,0
hsa-mir-4446_mature,7,0,0,0,0,0,0,0,0,0,0,0
hsa-mir-148a_mature,2980,203,4428,3762,262,5344,282,6627,4363,112,386,337
hsa-mir-6833_mature,17,0,2,0,0,0,48,31,2,0,0,21
hsa-mir-581_mature,0,0,0,40,0,19,0,0,0,0,0,0
hsa-mir-3187_mature,3,54,12,127,104,310,12,357,99,21,91,0
hsa-mir-382_mature,44,0,24,18,27,80,0,78,16,0,139,0
hsa-mir-6738_mature,6,0,0,0,0,0,0,0,0,0,0,0
hsa-mir-4443_mature,2,0,9,6,0,0,0,9,11,0,0,0
hsa-mir-6866_mature,54,0,23,158,0,134,17,142,26,0,0,0
hsa-mir-519b_mature,0,0,0,0,0,29,0,0,0,0,0,0
hsa-mir-602_mature,4,0,0,0,16,0,0,19,9,0,0,0
hsa-mir-1289-2_mature,1,0,8,0,0,0,0,5,10,0,0,0
hsa-mir-376a-1_mature,15,1,0,0,10,0,19,38,18,0,0,0
hsa-mir-6742_mature,1,0,0,0,0,0,0,0,16,0,0,0
hsa-mir-196b_mature,11,0,23,33,0,0,0,0,12,0,0,0
hsa-mir-6892_mature,0,0,9,0,0,0,0,0,0,0,39,0
hsa-mir-5696_unannotated,72,0,24,5,0,90,0,36,11,0,0,0
hsa-mir-143_mature,22,1728,21835,18484,1899,22534,1184,36342,12,1203,1481,1776
hsa-mir-7976_mature,36,0,88,46,0,15,0,46,99,0,0,0
hsa-mir-4653_mature,0,0,0,3,0,0,0,0,4,0,0,40
hsa-mir-6730_mature,22,0,22,37,0,80,0,46,13,0,0,0
hsa-mir-4717_mature,3,41,0,48,0,0,0,13,9,0,0,0
hsa-mir-182_mature,109,57,219,201,19,84,1867,91,130,1608,2754,19
hsa-mir-6847_mature,13,0,43,0,0,21,0,0,8,0,0,0
hsa-mir-497_mature,13,0,0,14,4,23,0,0,30,0,0,0
hsa-mir-548ab_mature,0,0,2,0,0,0,0,0,4,0,0,0
hsa-mir-412_mature,0,19,0,0,0,5,0,0,0,0,0,7
hsa-mir-4424_mature,16,20,9,0,0,0,0,0,0,0,0,0
hsa-mir-4444-1_mature,0,0,0,0,0,5,0,3,0,0,0,0
hsa-mir-6715b_mature,0,0,0,0,0,0,0,11,0,0,0,0
hsa-mir-3937_mature,0,0,13,0,0,0,0,0,0,0,0,0
hsa-mir-7107_mature,3,0,0,0,0,0,0,0,4,0,0,0
hsa-mir-16-1_mature,9,663,10902,9520,723,10837,676,15014,10751,679,999,11
hsa-mir-1275_mature,0,0,0,0,0,7,0,0,5,0,0,0
hsa-mir-449c_mature,0,0,0,0,0,0,0,4,0,0,0,0
hsa-mir-548l_mature,174,1,129,381,19,224,8,310,180,5,0,0
hsa-mir-134_mature,0,0,8,35,19,0,0,0,10,0,0,0
hsa-mir-4435-1_mature,18,0,35,26,0,79,0,11,34,11,0,0
hsa-mir-93_mature,2754,472,3715,3931,552,3368,480,6073,3300,306,534,205
hsa-mir-3193_mature,44,0,68,0,0,14,0,42,38,0,0,0
hsa-mir-548v_mature,46,0,57,41,0,51,0,72,65,0,0,0
hsa-mir-433_mature,0,0,0,0,0,29,0,0,0,0,0,4
hsa-mir-30e_stemloop,0,0,0,2,0,14,0,0,0,0,0,0
hsa-mir-191_mature,189,165,272,272,72,323,31,367,286,30,34,27
hsa-mir-758_mature,0,0,12,0,0,0,0,0,0,0,0,0
hsa-mir-4782_precursor,0,0,0,0,0,41,0,0,1,0,0,0
hsa-mir-26a-2_precursor,0,0,0,23,0,0,0,0,0,0,0,0
hsa-mir-147b_mature,0,0,20,6,0,11,0,3,10,0,0,0
hsa-mir-4421_mature,0,0,0,0,0,0,0,0,4,0,0,0
hsa-mir-4750_mature,0,0,5,0,0,0,0,6,0,0,0,0
hsa-mir-4779_unannotated,10,0,0,56,0,0,0,0,2,0,0,0
hsa-mir-296_mature,9,0,17,47,0,0,0,26,2,0,20,51
hsa-mir-3938_mature,0,0,0,0,0,1,0,0,0,0,0,0
hsa-mir-6856_mature,8,0,0,0,0,28,0,9,10,0,0,0
hsa-mir-548n_mature,32,0,46,37,0,37,1,0,94,0,0,0
hsa-mir-3127_mature,13,42,22,14,14,98,23,69,37,0,45,0
hsa-mir-4677_mature,0,0,15,6,0,1,0,54,47,0,0,0
hsa-mir-4758_mature,7,0,2,15,39,144,27,19,5,0,0,53
hsa-mir-548o-2_mature,85,8,217,230,11,159,1,399,181,0,20,16
hsa-mir-21_precursor,14,0,8,0,0,0,0,0,17,0,0,0
hsa-mir-6809_mature,0,0,0,56,0,0,0,0,0,0,0,0
hsa-mir-5697_mature,69,1,9,67,0,58,14,106,34,0,1,0
hsa-mir-6507_mature,0,0,0,0,0,0,0,0,6,0,0,0
hsa-mir-371a_mature,15,0,172,138,49,149,10,292,7,30,0,88
hsa-mir-3162_mature,6,0,0,21,0,0,0,0,0,0,18,0
hsa-mir-92a-1_mature,424,123,496,342,124,420,58,790,410,71,177,138
hsa-mir-4473_mature,32,0,27,10,0,40,0,98,23,0,107,21
hsa-mir-411_mature,0,0,1,6,0,0,0,41,29,0,0,0
hsa-mir-23a_precursor,0,0,0,0,0,8,0,0,7,0,0,33
hsa-mir-4748_mature,14,0,2,0,0,12,0,0,0,0,0,0
hsa-mir-136_mature,0,0,0,21,0,13,0,0,4,0,0,0
hsa-mir-96_mature,225,58,563,176,103,467,0,422,407,59,107,84
hsa-mir-326_mature,42,62,70,100,13,72,4,111,46,0,34,38
hsa-mir-191_precursor,0,0,0,0,0,0,0,0,3,0,0,0
hsa-mir-3122_mature,0,0,0,0,0,0,0,0,6,0,0,0
hsa-mir-6775_mature,0,0,9,25,0,39,0,21,0,0,23,15
hsa-mir-676_mature,110,1,110,81,177,189,20,148,76,15,14,199
hsa-mir-4479_mature,1,0,22,1,0,63,0,0,6,0,16,0
hsa-mir-378a_mature,69,853,68,7364,752,103,686,234,108,541,1166,781
hsa-mir-1296_mature,824,15,1059,1078,53,1535,182,1386,803,49,52,174
hsa-mir-135a-2_mature,2,0,0,0,0,0,0,0,5,0,0,0
hsa-mir-6884_mature,8,0,0,0,0,0,0,0,12,15,0,0
hsa-mir-1469_unannotated,0,0,0,0,0,0,0,0,0,7,0,0
hsa-mir-3940_mature,23,25,14,27,0,3,1,66,3,21,0,13
hsa-mir-138-1_mature,4,0,16,25,0,2,0,1,9,0,0,1
hsa-mir-1266_mature,42,26,80,46,120,7,23,164,16,0,74,74
hsa-mir-200a_mature,504,764,1015,624,61,669,4,1036,723,59,96,70
hsa-mir-12127_mature,0,0,0,13,0,0,0,0,0,0,16,0
hsa-mir-548d-2_mature,0,0,0,3,0,0,0,0,4,0,0,0
hsa-mir-5589_mature,0,0,4,0,0,0,0,0,0,0,0,0
hsa-mir-1273c_mature,22,0,7,7,0,16,0,51,11,0,0,10
hsa-mir-938_mature,0,0,0,0,0,25,0,0,0,0,0,0
hsa-mir-3120_mature,9,0,0,0,0,0,0,0,15,0,0,0
hsa-mir-191_stemloop,5,0,0,0,0,0,0,0,0,0,0,0
hsa-mir-19b-2_mature,1467,111,2940,1726,355,2232,185,2600,2163,127,94,108
hsa-mir-34a_mature,130,21,103,131,146,265,71,202,97,244,52,381
hsa-mir-4470_mature,0,0,0,12,0,7,0,0,3,0,0,0
hsa-let-7b_mature,1126,337,2203,8,92,1383,166,1456,1366,211,253,175
hsa-mir-6793_mature,0,0,12,0,0,22,0,0,20,0,0,0
hsa-mir-548ai_mature,17,0,1,0,0,15,0,0,7,0,0,0
hsa-mir-514a-2_mature,0,0,0,0,0,0,0,6,0,0,0,0
hsa-mir-7702_unannotated,0,0,0,0,0,0,0,0,3,0,0,0
hsa-mir-612_precursor,0,0,0,0,0,12,0,0,2,0,0,0
hsa-mir-548x_mature,0,0,0,0,0,0,0,8,0,0,0,0
hsa-mir-4525_unannotated,2,0,11,8,0,11,0,21,0,0,0,0
hsa-mir-1276_mature,213,71,356,318,0,453,87,357,202,6,27,28
hsa-mir-26a-2_mature,91,305,201,139,320,223,452,422,175,411,468,1158
hsa-mir-6819_mature,0,0,6,0,0,0,22,17,1,0,27,0
hsa-mir-1269b_mature,1492,52,2852,1763,125,2196,45,2705,2204,49,122,64
hsa-mir-5001_mature,6,0,64,148,0,48,0,7,7,0,0,25
hsa-mir-3913-2_mature,11,3,28,3,0,0,0,0,15,0,0,0
hsa-mir-218-2_mature,17,0,60,27,10,33,0,60,27,3,20,5
hsa-mir-5692a-1_mature,0,0,1,0,0,0,0,0,0,0,0,0
hsa-mir-4701_mature,0,0,0,0,0,0,0,34,0,0,0,0
hsa-mir-532_mature,485,133,609,923,153,1551,109,1475,543,124,325,110
hsa-mir-130b_mature,1666,312,2984,3276,364,3648,437,3269,2023,327,656,364
hsa-mir-3917_stemloop,0,0,0,0,0,0,0,3,0,0,0,0
hsa-mir-501_mature,800,1,1587,1427,34,1972,1043,1437,1441,1843,32,18
hsa-mir-1301_mature,1852,28,2627,2133,154,2367,24,3263,1834,36,191,184
hsa-mir-4796_mature,21,0,9,15,0,40,0,10,11,0,0,0
hsa-mir-4679-1_mature,0,0,0,0,0,14,0,0,0,0,0,0
hsa-mir-892a_unannotated,0,0,0,0,0,0,0,18,5,0,0,0
hsa-mir-4511_mature,62,0,30,40,0,83,0,49,54,0,0,0
hsa-mir-615_mature,0,18,57,78,0,0,1,0,14,5,63,0
hsa-mir-3688-1_mature,22,0,33,9,9,15,0,48,28,6,0,34
hsa-mir-664a_mature,108,46,213,142,33,112,84,33,232,68,70,58
hsa-mir-3136_mature,0,0,0,0,0,39,29,24,0,0,0,0
hsa-mir-147a_mature,0,0,0,0,0,0,0,0,1,0,0,0
hsa-mir-659_mature,6,0,79,28,17,21,18,31,8,0,0,6
hsa-mir-504_mature,29,0,47,13,0,0,0,51,27,31,0,0
hsa-mir-1234_mature,0,0,0,0,0,0,0,24,0,0,0,0
hsa-mir-516b-1_mature,0,0,7,0,0,0,0,0,3,0,0,0
hsa-mir-125b-2_mature,6,20,36,75,8,86,16,19,5,1,30,0
hsa-mir-181b-1_mature,636,81,796,472,30,21,39,1098,7,0,11,1
hsa-mir-92a-2_mature,208093,55466,293026,426165,73612,404240,52031,592381,220383,56455,94021,58163
hsa-mir-31_mature,0,0,17,0,0,0,0,0,0,0,0,0
hsa-mir-6763_mature,0,0,0,0,12,61,0,0,11,0,0,0
hsa-mir-345_mature,5,679,4281,4333,1350,4726,591,6244,3674,784,2048,641
hsa-mir-675_mature,1,0,0,0,0,0,0,5,0,0,0,0
hsa-mir-515-2_mature,0,0,0,0,0,10,0,0,0,15,0,0
hsa-mir-4687_mature,30,0,28,17,0,15,0,2,5,1,0,9
hsa-mir-600_mature,11,0,8,0,0,12,0,0,18,0,0,0
hsa-mir-3663_mature,0,0,0,0,0,28,0,0,1,0,0,0
hsa-mir-3689f_mature,0,0,12,0,0,0,0,0,0,0,0,0
hsa-mir-449b_mature,0,0,0,0,0,0,0,8,0,0,0,0
hsa-mir-4642_mature,0,0,0,0,0,0,0,0,1,0,0,0
hsa-mir-7-3_mature,2992,123,4788,3425,135,3961,131,4180,3632,157,204,198
hsa-mir-190a_mature,0,0,24,9,0,93,0,21,4,0,0,0
hsa-mir-1304_mature,1023,150,1627,1306,208,1369,95,14,1146,99,265,195
hsa-mir-1538_mature,0,0,0,0,0,0,0,0,3,7,0,0
hsa-mir-374a_mature,141,0,203,114,16,188,53,258,119,45,22,35
hsa-mir-29b-2_mature,12,0,39,7,358,0,325,13,21,276,716,509
hsa-mir-362_mature,103,29,316,61,29,176,41,111,205,2,146,4
hsa-mir-509-2_mature,0,0,3,0,0,1,11,0,1,0,0,0
hsa-mir-7106_mature,11,0,15,3,0,32,0,0,8,0,0,0
hsa-mir-588_mature,0,0,0,0,0,0,0,0,7,0,0,0
hsa-mir-3939_mature,28,0,28,14,0,105,0,80,38,0,8,0
hsa-mir-4474_mature,0,0,11,17,0,0,0,61,27,0,0,0
hsa-mir-6770-3_mature,5,0,10,0,0,27,0,0,5,0,0,0
hsa-mir-6804_mature,5,0,15,35,0,0,0,39,5,0,0,22
hsa-mir-4520-2_mature,4,0,6,22,40,3,0,5,8,0,0,2
hsa-mir-4722_mature,0,0,6,0,0,72,0,0,0,0,0,0
hsa-mir-3911_mature,0,0,0,0,0,15,0,0,0,0,0,25
hsa-mir-1229_mature,27,18,36,103,192,43,45,10,9,235,222,96
hsa-mir-186_mature,104328,5651,140749,26,4229,159213,5158,179942,6,6186,9955,11052
hsa-mir-6852_mature,10,0,48,10,0,0,0,65,63,0,0,0
hsa-mir-138-2_mature,4,0,30,7,0,19,0,45,5,0,27,0
hsa-mir-105-2_mature,11,0,4,0,0,39,0,1,7,1,6,0
hsa-mir-4449_mature,26,0,59,86,0,63,0,43,43,0,0,23
hsa-mir-340_mature,81,1259,151,50,10,219,664,116,115,944,1,1465
hsa-let-7c_mature,86,66,36,50,65,31,0,168,54,4,167,26
hsa-mir-6733_mature,17,0,37,0,0,0,0,4,9,0,0,0
hsa-mir-6838_mature,0,0,0,0,0,0,0,0,2,0,0,0
hsa-mir-3617_mature,12,0,0,14,0,0,0,13,0,0,0,0
hsa-mir-6743_mature,0,0,0,5,39,0,0,14,2,0,0,27
hsa-mir-320c-2_mature,76,42,188,190,33,267,19,176,116,31,51,14
hsa-mir-152_mature,26,33,902,748,54,1129,114,39,17,97,59,123
hsa-mir-3130-2_mature,34,1,25,70,9,34,2,76,23,7,21,5
hsa-mir-6755_mature,9,0,0,47,0,27,0,31,25,78,1,0
hsa-mir-9903_mature,49,0,47,109,0,112,0,266,65,0,0,0
hsa-mir-597_mature,39,0,52,73,0,17,0,43,34,0,0,0
hsa-mir-222_precursor,0,0,0,0,0,25,0,23,0,0,0,0
hsa-mir-3200_mature,0,0,0,11,0,0,0,14,19,0,0,0
hsa-mir-449a_mature,0,0,0,0,0,14,0,0,0,0,0,0
hsa-mir-374b_mature,251,54,209,345,52,71,63,292,235,21,35,52
hsa-mir-1185-2_mature,0,0,0,0,0,0,0,0,0,0,0,17
hsa-mir-6501_mature,0,0,26,13,0,0,0,19,0,0,0,0
hsa-mir-6850_mature,0,0,0,22,0,0,0,0,1,0,0,0
hsa-mir-7110_mature,7,26,0,0,0,0,0,14,6,0,0,10
hsa-mir-551a_mature,400,114,903,703,154,932,53,823,619,79,30,10
hsa-mir-151b_mature,0,0,10,2,0,1,0,1,12,0,0,0
hsa-mir-185_mature,113,1982,305,196,1784,212,1047,303,198,1317,3089,2553
hsa-mir-4326_mature,1009,44,1426,1623,253,1919,275,1469,992,383,453,382
hsa-mir-181a-2_mature,198,31,155,241,33,285,68,303,221,53,199,130
hsa-mir-199a-1_mature,0,0,0,0,0,3,0,0,0,0,0,0
hsa-mir-3651_mature,0,0,0,26,0,0,0,0,0,0,0,0
hsa-mir-9985_mature,0,0,0,1,0,1,0,0,0,0,0,0
hsa-mir-371b_mature,0,0,0,0,0,42,0,0,0,0,0,0
hsa-mir-6805_mature,19,0,3,81,0,0,0,49,6,0,0,0
hsa-mir-4771-1_unannotated,0,0,1,0,0,0,0,0,3,0,0,0
hsa-mir-3652_mature,0,0,18,40,0,7,0,0,7,0,0,0
hsa-mir-4469_mature,0,0,0,41,0,0,0,0,0,0,0,0
hsa-mir-3143_mature,5,0,8,18,0,0,0,20,12,0,0,0
hsa-mir-4655_mature,9,0,14,24,0,45,0,30,32,0,0,0
hsa-mir-643_unannotated,5,0,0,0,0,0,0,0,0,0,0,0
hsa-mir-1260a_mature,0,0,0,0,0,4,0,0,0,0,1,0
hsa-mir-335_precursor,0,0,0,0,0,10,0,0,0,0,0,0
hsa-mir-331_mature,75,81,82,30,62,56,70,81,73,26,213,31
hsa-mir-196a-1_mature,264,2,377,182,20,397,8,461,257,0,7,0
hsa-mir-1468_mature,63,0,124,172,0,175,40,156,119,0,0,45
hsa-mir-25_mature,322,87,585,814,39,589,91,908,537,77,335,8358
hsa-mir-135a-1_mature,2,0,0,0,0,0,0,0,16,0,102,0
hsa-mir-4664_mature,4,0,51,101,48,21,25,14,36,35,101,7
hsa-mir-1303_unannotated,10,0,8,7,23,0,0,5,13,0,0,0
hsa-mir-4721_mature,0,0,2,22,0,0,38,0,5,0,0,21
hsa-mir-513b_mature,0,0,0,0,0,0,0,39,4,0,0,0
hsa-mir-1343_mature,60,0,134,181,29,94,0,199,79,0,46,0
hsa-mir-5088_mature,0,0,12,0,0,0,0,0,0,0,52,0
hsa-mir-12136_unannotated,187,30,411,245,76,675,4,531,324,7,88,30
hsa-mir-140_precursor,0,0,0,0,0,0,0,4,0,0,0,0
hsa-mir-576_mature,548,25,625,435,89,666,36,14,4,22,199,49
hsa-mir-7111_stemloop,0,0,0,11,0,0,0,0,0,0,0,0
hsa-mir-4706_mature,15,0,13,8,0,0,0,32,11,0,25,0
hsa-mir-511_mature,24,0,13,10,0,0,0,0,0,0,0,0
hsa-mir-944_mature,10,0,0,8,0,0,0,0,0,0,0,0
hsa-mir-376b_mature,0,0,9,0,0,0,1,0,0,0,0,0
hsa-mir-548at_mature,8,0,31,14,0,0,0,0,3,0,0,0
hsa-let-7a-1_stemloop,0,0,31,0,0,0,0,50,5,0,0,0
hsa-mir-1276_unannotated,33,0,0,11,0,0,0,0,7,0,0,0
hsa-mir-7973-2_mature,0,0,25,0,0,63,0,33,8,0,0,0
hsa-mir-494_mature,21,103,112,44,25,25,0,36,37,48,0,27
hsa-mir-132_stemloop,0,0,0,0,0,0,0,0,5,0,0,0
hsa-mir-1284_mature,392,129,567,562,0,500,35,1006,455,144,0,56
hsa-mir-4661_mature,88,1,103,37,0,16,0,31,81,12,46,5
hsa-mir-549a_mature,162,0,58,19,34,180,0,70,14,0,75,11
hsa-mir-19b-1_mature,13,133,2885,1644,380,2419,190,2549,2201,128,101,115
hsa-mir-4757_mature,10,0,0,0,0,0,0,0,0,0,0,0
hsa-mir-151a_mature,1284,2,2556,1341,62,2043,48,1036,2001,43,35,78
hsa-mir-3164_mature,0,0,1,24,0,0,20,0,0,0,0,0
hsa-mir-3679_mature,314,322,439,746,124,708,56,431,256,60,175,108
hsa-mir-6776_mature,6,0,14,0,0,10,0,0,0,0,53,0
hsa-mir-664b_mature,11,0,20,9,0,55,0,37,29,0,0,0
hsa-mir-889_mature,6,0,4,12,0,69,34,14,10,0,0,0
hsa-mir-3923_unannotated,6,0,0,0,0,0,0,0,5,0,0,0
hsa-let-7f-1_mature,5203,445,11860,22,430,6266,318,4852,7982,192,377,293
hsa-mir-765_mature,10,0,57,16,0,0,0,32,22,0,0,0
hsa-mir-7854_unannotated,0,7,0,0,0,28,0,0,4,0,0,0
hsa-mir-651_mature,909,150,1246,1206,46,1249,85,1782,1186,43,64,220
hsa-let-7g_mature,25,2811,122156,5,3044,105008,3,14,15,2196,4706,3749
hsa-mir-526b_mature,6,0,0,2,0,16,0,38,5,0,0,0
hsa-mir-6727_mature,6,0,0,18,24,26,0,7,14,0,0,0
hsa-mir-3138_unannotated,0,0,0,18,42,0,0,0,3,0,0,0
hsa-mir-4724_mature,19,0,42,9,0,55,0,113,83,29,0,0
hsa-mir-12136_mature,2958,1040,4459,4306,878,4997,638,5516,3953,574,717,1022
hsa-mir-4638_mature,10,0,0,15,0,0,0,86,2,0,0,0
hsa-mir-600_unannotated,8,0,11,0,0,0,7,0,0,0,0,0
hsa-mir-339_mature,3047,160,4744,5019,220,5625,170,7211,4215,223,746,346
hsa-mir-1293_mature,11,0,0,11,17,19,0,55,23,0,0,0
hsa-mir-4634_unannotated,0,0,0,0,0,3,0,0,0,0,0,0
hsa-mir-2276_mature,5,0,49,11,0,21,0,58,11,0,0,0
hsa-mir-1247_mature,0,0,0,0,0,0,7,0,0,0,0,0
hsa-mir-612_mature,0,0,0,0,0,0,0,30,0,0,0,0
hsa-mir-135b_mature,58,162,37,2,123,109,120,50,19,12,14,7
hsa-mir-6868_mature,16,0,30,11,0,40,0,78,17,0,0,0
hsa-mir-4755_mature,42,8,42,12,18,82,25,46,22,19,15,19
hsa-mir-370_mature,14,0,0,0,0,8,0,0,2,0,0,0
hsa-mir-5580_mature,6,0,40,14,0,0,0,0,1,0,0,0
hsa-mir-3181_mature,1,0,0,12,0,22,0,0,0,0,0,0
hsa-mir-4737_unannotated,3,0,0,0,0,0,0,0,0,0,0,0
hsa-mir-196a-2_mature,277,2,529,201,11,464,9,510,278,0,3,2
hsa-mir-671_mature,96,219,58,124,82,95,58,327,71,32,58,59
hsa-mir-378i_mature,1,0,1,0,0,1,0,0,0,0,0,0
hsa-mir-4668_mature,0,0,0,0,0,0,0,0,1,0,0,0
hsa-mir-4520-1_mature,9,0,7,33,0,3,47,4,48,0,0,5
hsa-mir-3928_mature,172,0,23,148,0,69,0,356,75,0,36,31
hsa-mir-323b_mature,0,0,3,0,0,0,0,29,4,0,0,0
hsa-mir-624_mature,184,0,6,297,24,1,0,12,3,11,0,90
hsa-mir-4515_unannotated,0,0,4,0,0,0,0,0,0,0,0,0
hsa-mir-6823_mature,0,0,0,0,0,0,0,69,0,0,0,0
hsa-mir-642b_mature,4,0,0,0,0,0,0,0,0,0,0,0
hsa-mir-374a_precursor,0,0,0,0,0,24,0,0,0,0,0,0
hsa-mir-3155a_unannotated,0,0,0,0,0,0,0,0,5,0,0,0
hsa-mir-6789_mature,1,0,15,0,46,22,0,0,6,0,14,4
hsa-mir-6780b_mature,18,0,21,0,0,10,0,22,11,0,0,0
hsa-mir-372_mature,150,0,135,89,0,240,0,174,97,0,0,0
hsa-mir-1283-2_mature,0,0,0,5,0,0,0,9,0,8,0,0
hsa-mir-10397_mature,0,0,1,0,0,0,0,0,0,0,0,0
hsa-mir-503_mature,4,0,0,0,0,0,0,45,0,0,0,0
hsa-mir-6767_mature,7,0,26,32,1,0,0,50,2,0,58,0
hsa-mir-6826_mature,0,0,1,0,16,42,0,70,6,0,0,0
hsa-mir-4658_mature,21,0,0,0,0,0,0,45,21,0,0,0
hsa-mir-3065_mature,8,0,11,101,0,49,0,191,5,0,0,0
hsa-mir-149_mature,737,79,854,3,228,1448,80,1592,758,312,167,164
hsa-mir-200b_mature,1121,46,1599,1295,124,2104,75,2226,1371,57,103,183
hsa-mir-181c_mature,6,1,9,85,0,143,15,33,1,25,0,7
hsa-mir-3651_unannotated,6,0,0,0,0,8,0,0,1,0,0,0
hsa-mir-6786_mature,1,0,3,147,70,55,0,47,26,0,0,16
hsa-mir-6848_mature,12,0,0,0,0,29,0,0,0,0,0,35
hsa-mir-6835_mature,20,0,0,30,0,0,0,0,0,0,0,0
hsa-mir-4728_mature,14,5,86,12,0,148,26,10,7,0,0,0
hsa-mir-7702_mature,0,0,0,0,0,34,0,0,0,0,0,0
hsa-mir-6872_mature,0,0,22,0,0,0,0,0,0,0,0,0
hsa-mir-103a-2_precursor,3,25,39,68,0,70,0,38,36,0,71,0
hsa-mir-3622a_mature,0,0,6,0,0,16,0,14,0,0,0,0
hsa-mir-4726_mature,34,0,13,22,0,14,0,23,20,0,0,0
hsa-mir-133a-1_mature,13,0,28,51,19,26,0,17,11,0,0,0
hsa-mir-126_mature,39,19,23,11,69,25,0,18,12,26,0,29
hsa-mir-6796_mature,0,0,0,59,0,0,0,0,8,0,0,4
hsa-mir-550a-1_mature,2,4,20,15,3,37,15,35,18,1,35,50
hsa-mir-3912_precursor,8,0,0,0,0,0,0,0,0,0,0,0
hsa-mir-33a_mature,22,0,82,29,39,26,0,26,87,0,1,1
hsa-mir-125b-1_mature,4,19,40,81,6,99,14,211,12,18,37,0
hsa-mir-3925_mature,10,0,17,7,0,15,0,65,13,0,1,0
hsa-mir-874_mature,7,0,11,39,0,6,0,13,4,9,0,0
hsa-mir-4639_mature,0,0,0,0,0,0,0,0,8,0,0,0
hsa-mir-1225_mature,7,4,21,136,71,44,0,0,4,0,0,0
hsa-mir-4754_mature,0,0,3,0,0,0,0,0,10,0,0,0
hsa-mir-320d-2_mature,51,14,48,127,7,121,16,121,68,9,17,1
hsa-mir-130a_mature,338,91,376,488,112,763,23,881,436,6,88,45
hsa-mir-361_mature,3836,300,5558,5623,72,5686,226,7280,3722,323,249,286
hsa-let-7a-2_mature,5696,347,11971,5525,416,5932,337,5616,7687,232,468,314
hsa-mir-153-1_mature,0,0,3,0,0,0,0,0,4,0,0,0
hsa-mir-2355_mature,30,5,132,54,35,88,1,105,33,14,0,27
hsa-mir-6509_mature,10,0,7,25,0,0,12,34,4,0,55,0
hsa-mir-572_mature,0,0,0,0,0,0,0,0,6,0,0,0
hsa-mir-4743_mature,0,0,27,15,20,0,0,12,15,0,0,0
hsa-mir-26b_precursor,0,0,6,0,0,0,0,0,0,0,0,0
hsa-mir-32_mature,354,1,350,410,31,595,31,668,478,38,63,21
hsa-mir-744_mature,439,23,504,416,106,683,81,694,485,1,181,54
hsa-mir-6886_mature,19,0,2,0,0,9,0,0,18,26,0,0
hsa-mir-6788_mature,6,0,8,35,0,8,37,35,4,49,0,8
hsa-mir-190b_mature,165,0,184,239,0,316,29,433,266,47,54,0
hsa-mir-3913-1_mature,11,4,12,4,0,0,0,0,19,0,0,0
hsa-mir-592_mature,3,0,0,6,0,6,0,9,0,0,0,0
hsa-mir-487a_mature,0,0,16,0,0,0,0,0,0,0,0,0
hsa-mir-4497_mature,0,0,0,0,0,1,0,0,0,0,0,0
hsa-mir-219a-2_mature,0,0,2,0,0,0,0,0,0,0,33,0
hsa-mir-4753_mature,16,0,6,31,70,37,0,0,5,0,31,37
hsa-mir-425_mature,1086,251,1637,1494,190,2426,90,2693,1518,153,383,106
hsa-mir-3654_mature,0,0,0,0,0,0,0,0,10,0,0,0
hsa-mir-1292_mature,1506,368,2534,30,477,3,240,3538,1588,311,277,299
hsa-mir-1283-2_unannotated,0,0,0,0,0,0,0,0,1,0,0,0
hsa-mir-3689e_mature,0,0,0,0,0,0,0,4,0,0,0,0
hsa-mir-320e_mature,11,0,14,5,0,8,0,14,15,0,0,0
hsa-mir-6834_mature,0,0,4,0,0,9,0,0,0,0,0,0
hsa-mir-6845_mature,0,0,23,0,0,24,0,0,1,0,0,0
hsa-mir-1226_stemloop,0,0,3,0,0,0,0,0,0,0,0,0
hsa-mir-6747_mature,45,0,91,63,0,51,0,131,32,42,0,27
hsa-mir-524_mature,2,10,0,0,0,0,0,6,0,0,0,0
hsa-mir-1248_mature,0,0,9,0,0,0,0,0,0,0,0,0
hsa-mir-3138_mature,81,0,123,201,18,266,0,421,150,0,10,19
hsa-mir-95_mature,37,0,53,13,1,67,0,67,63,94,0,10
hsa-mir-4699_mature,58,41,80,68,12,98,141,134,22,21,27,53
hsa-mir-221_mature,350,101,671,400,4087,520,6,455,474,51,7732,14
hsa-mir-3680-2_mature,3,0,3,1,0,11,0,5,1,9,12,0
hsa-mir-559_mature,0,0,35,0,0,0,0,0,0,0,0,0
hsa-mir-514a-1_mature,0,0,0,0,0,0,0,11,0,0,0,0
hsa-mir-6779_mature,0,0,0,0,1,0,0,10,0,0,71,0
hsa-mir-26a-1_mature,25514,322,48523,19446,359,29527,451,10,1,405,474,1136
hsa-mir-4764_mature,4,0,0,0,0,0,0,0,0,0,0,0
hsa-mir-4749_mature,7,0,30,24,40,20,29,21,21,0,0,0
hsa-mir-4741_mature,0,0,3,0,26,0,0,0,2,0,0,0
hsa-mir-660_mature,2119,114,57,32,252,17,247,25,66,388,355,422
hsa-mir-27a_mature,62,1,180,94,0,215,0,339,102,0,0,0
hsa-mir-4523_mature,0,0,9,0,0,0,0,0,0,0,0,0
hsa-mir-466_mature,15,0,0,64,0,50,5,98,29,0,33,11
hsa-mir-4679-2_mature,0,0,0,0,0,15,0,0,0,0,0,0
hsa-mir-3936_mature,0,0,0,0,0,0,0,0,9,0,0,0
hsa-mir-3912_mature,46,104,91,32,0,86,0,163,102,44,69,41
hsa-mir-3170_unannotated,28,0,77,120,50,36,47,57,71,0,0,0
hsa-mir-520a_mature,12,0,1,0,0,8,0,0,17,0,0,0
hsa-mir-4795_mature,11,0,5,0,0,0,0,0,0,0,0,0
hsa-mir-424_mature,4,0,0,0,0,0,0,0,6,0,0,0
hsa-mir-4645_mature,20,0,43,50,0,0,0,84,0,0,0,10
hsa-mir-4635_mature,0,0,24,20,0,0,0,26,17,0,0,0
hsa-mir-450a-2_mature,4,3,20,0,0,22,0,0,4,0,0,0
hsa-mir-92b_mature,11,255,359,56,446,54,294,94,41,420,17,337
hsa-mir-505_mature,194,158,265,383,29,324,22,343,228,34,553,474
hsa-mir-132_mature,19,84,62,69,96,475,0,80,35,18,103,50
hsa-mir-9-1_mature,28,12,72,71,16,31,0,48,46,21,0,21
hsa-mir-6792_mature,0,0,0,0,0,36,0,0,6,0,0,0
hsa-mir-3140_mature,17,0,33,29,0,90,5,229,36,14,0,41
hsa-mir-128-2_mature,42735,10766,49014,69811,11649,67470,8513,101345,44556,9521,16897,11844
hsa-mir-342_mature,303,53,445,311,25,483,79,613,512,69,1309,1111
hsa-mir-589_mature,46,233,64,84,86,71,115,181,116,88,199,31
hsa-mir-193b_mature,1465,665,1813,3220,730,2781,618,3879,1216,455,1169,395
hsa-mir-6867_mature,0,0,0,0,0,32,0,17,25,0,0,0
hsa-mir-4646_mature,10,0,3,75,0,0,0,0,2,0,0,0
hsa-mir-6836_mature,0,0,0,0,0,0,0,0,5,0,0,0
hsa-mir-3189_mature,27,0,7,109,0,95,0,16,84,0,0,67
hsa-mir-451a_mature,137,134,81,46,171,276,59,182,128,38,116,151
hsa-mir-6508_mature,0,0,12,0,0,29,0,6,0,0,0,21
hsa-mir-6511b-2_mature,46,59,16,77,67,95,14,95,40,17,70,36
hsa-mir-1278_unannotated,0,0,0,0,0,15,0,0,9,0,0,0
hsa-mir-658_mature,0,0,0,0,0,1,0,0,0,0,0,1
hsa-mir-2115_mature,5,0,8,0,0,0,0,22,2,0,0,0
hsa-mir-8072_mature,0,59,7,23,0,0,0,40,10,0,0,0
hsa-mir-3614_mature,0,0,6,32,0,0,0,11,29,0,0,0
hsa-mir-4504_mature,0,0,15,0,0,0,0,64,4,0,0,0
hsa-mir-4676_mature,12,25,9,19,0,1,0,63,44,0,0,10
hsa-mir-6842_mature,9,0,0,38,0,0,0,45,12,0,0,0
hsa-mir-548h-5_unannotated,0,0,2,15,0,0,0,0,4,0,0,0
hsa-mir-15b_mature,217,49,392,73,31,414,15,470,315,128,58,34
hsa-mir-550a-3_mature,4,9,17,21,10,5,0,15,23,0,0,0
hsa-mir-548az_mature,3,0,3,0,0,0,0,0,0,0,0,0
hsa-mir-6849_mature,4,0,0,7,0,25,1,0,0,0,0,0
hsa-mir-5094_unannotated,0,0,0,0,0,3,0,28,1,0,0,0
hsa-mir-4747_mature,6,0,12,0,0,0,0,1,5,0,0,0
hsa-mir-421_mature,10065,852,12596,14167,934,15352,737,22176,12434,821,1002,995
hsa-let-7d_mature,832,150,1573,1213,455,1258,28,708,1025,7,1,42
hsa-mir-139_mature,17,81,7,55,21,78,0,69,4,0,0,42
hsa-mir-1914_mature,127,19,22,385,40,11,13,14,15,1,142,71
hsa-mir-29c_mature,11,0,119,0,172,82,144,127,69,122,50,134
hsa-mir-6824_mature,0,0,18,0,0,0,9,17,0,0,0,0
hsa-mir-4640_mature,0,0,0,28,0,0,12,0,0,0,0,0
hsa-mir-7-3_unannotated,0,0,0,0,0,0,0,34,0,0,0,0
hsa-mir-3144_mature,182,0,208,337,273,109,14,296,80,6,15,67
hsa-mir-6734_mature,49,74,97,231,18,94,9,240,3,0,49,0
hsa-mir-4797_mature,0,0,14,41,0,0,0,55,10,0,0,0
hsa-mir-1285-1_mature,0,0,0,0,0,0,0,0,4,0,0,0
hsa-mir-4731_mature,0,0,5,3,0,0,0,0,0,0,0,0
hsa-mir-6800_mature,0,0,0,25,0,10,11,22,3,0,0,0
hsa-mir-5690_mature,6,0,0,0,0,0,0,29,3,0,0,0
hsa-mir-141_mature,14,0,16,28,0,0,0,34,6,0,0,0
hsa-mir-6853_mature,0,0,0,0,0,0,0,72,0,0,0,0
hsa-mir-5703_mature,0,0,0,9,0,0,0,0,0,0,0,0
hsa-mir-6813_mature,5,0,0,51,0,17,0,0,4,14,0,0
hsa-mir-454_mature,819,0,970,1115,46,979,24,1438,727,37,37,44
hsa-mir-935_mature,0,0,0,0,0,18,0,0,0,0,0,0
hsa-mir-6828_mature,0,0,0,4,0,0,0,0,0,0,0,0
hsa-mir-212_mature,4,0,45,59,0,24,0,188,27,0,0,0
hsa-mir-3199-2_mature,0,0,15,1,0,0,0,1,23,0,0,0
hsa-mir-1256_mature,11,0,2,0,0,0,0,0,3,0,0,0
hsa-mir-654_mature,37,0,51,15,46,18,0,49,78,0,0,0
hsa-mir-409_mature,42,67,60,54,33,79,0,24,38,83,0,0
hsa-mir-548n_precursor,0,0,0,0,0,0,0,0,10,0,0,0
hsa-mir-545_mature,0,0,0,0,0,0,0,0,7,0,0,0
hsa-mir-484_mature,28023,8183,38963,59673,6694,55676,4637,74339,37403,4402,10873,5176
hsa-mir-4714_mature,4,0,0,38,0,0,0,0,0,0,0,0
hsa-mir-3936_unannotated,0,0,24,0,0,0,0,0,0,0,0,0
hsa-mir-429_mature,14968,692,20896,17574,644,19685,634,29895,20402,876,1209,950
hsa-mir-1251_mature,3,0,0,0,0,0,0,0,0,0,0,0
hsa-mir-6750_mature,0,0,7,0,0,0,0,0,0,0,0,0
hsa-mir-3116-1_unannotated,0,0,0,0,0,0,0,0,8,0,0,0
hsa-mir-5582_mature,2,0,0,23,0,0,0,0,6,0,7,0
hsa-mir-6782_mature,0,0,0,24,0,0,0,25,0,0,0,0
hsa-mir-6764_mature,36,0,15,18,0,14,0,131,7,0,0,0
hsa-mir-5187_mature,9,0,19,52,0,19,0,7,10,18,0,0
hsa-mir-1227_mature,0,0,0,15,0,0,0,0,0,0,0,0
hsa-mir-512-2_mature,9,11,3,36,0,33,10,11,46,0,24,4
hsa-mir-124-1_mature,4,12,3,9,0,0,0,3,2,0,0,0
hsa-mir-656_mature,0,0,0,14,0,0,0,10,0,0,0,0
hsa-mir-3646_unannotated,0,0,0,0,0,58,0,0,0,0,0,0
hsa-mir-199a-2_mature,0,0,0,0,0,4,0,0,0,0,0,0
hsa-mir-1250_mature,752,8,494,1045,31,1098,92,1438,985,68,135,94
hsa-mir-301b_mature,12,0,49,93,19,180,38,112,22,0,0,22
hsa-mir-3176_mature,47,30,25,64,0,56,0,40,23,0,84,20
hsa-mir-6735_mature,46,0,45,63,23,14,0,38,38,29,49,23
hsa-mir-499a_mature,110,0,60,165,47,238,13,364,124,50,72,39
hsa-mir-1255a_mature,4,0,29,26,0,0,0,17,4,0,0,0
hsa-mir-4326_unannotated,0,0,67,9,0,95,16,90,24,18,0,0
hsa-mir-1179_mature,0,0,0,0,0,0,0,0,4,0,0,0
hsa-mir-18b_mature,0,0,0,0,0,0,0,0,0,2,0,0
hsa-mir-3192_mature,31,0,0,0,0,29,0,25,13,0,0,0
hsa-mir-99a_mature,20,37,42,0,23,70,0,0,0,15,30,27
hsa-mir-1228_mature,30,45,19,17,66,56,9,22,22,104,58,19
hsa-mir-6746_mature,0,0,0,9,0,0,0,0,2,0,2,0
hsa-mir-365a_mature,322,154,490,498,0,630,41,747,354,106,24,59
hsa-mir-144_mature,0,31,0,0,0,0,0,27,6,0,0,41
hsa-mir-943_unannotated,0,0,0,0,0,0,0,71,0,0,0,0
hsa-mir-3941_mature,0,0,16,21,0,3,0,61,30,0,0,0
hsa-mir-6873_mature,16,0,22,9,17,4,30,27,25,0,0,0
hsa-mir-373_mature,0,0,21,0,0,6,0,0,0,0,0,0
hsa-mir-378d-2_mature,8,0,0,0,0,0,0,4,3,0,0,7
hsa-mir-6794_mature,0,0,0,0,0,10,0,0,0,0,0,0
hsa-mir-3923_mature,0,0,11,0,0,0,0,0,0,0,0,0
hsa-mir-6772_mature,3,0,0,34,0,0,0,0,2,0,0,0
hsa-mir-127_mature,0,0,7,0,0,0,38,0,17,0,0,15
hsa-mir-1278_mature,18,0,35,12,0,49,0,9,9,0,0,0
hsa-mir-22_mature,916,2455,1971,1779,53,1607,82,1714,1353,54,10,92
hsa-mir-5094_mature,178,0,175,234,17,170,0,283,86,24,0,0
hsa-mir-3691_mature,44,58,24,20,40,6,67,106,14,1,122,118
hsa-mir-106b_mature,7868,326,12198,10580,328,13877,233,17672,11899,114,266,669
hsa-mir-6761_mature,20,31,0,14,4,32,0,73,5,0,0,0
hsa-mir-4804_mature,0,0,11,40,0,40,0,23,9,56,0,0
hsa-mir-432_mature,0,0,1,0,0,14,0,20,42,0,0,13
hsa-mir-1909_mature,13,0,7,19,0,26,15,8,11,0,0,0
hsa-mir-1843_mature,415,1,552,651,1,672,5,848,550,7,0,31
hsa-mir-192_mature,177,1,184,156,0,462,3,634,228,0,0,0
hsa-mir-320d-1_mature,34,25,121,204,11,151,18,141,103,49,17,3
hsa-mir-30c-2_mature,6,445,0,0,684,0,0,0,0,486,0,762
hsa-mir-194-1_mature,11002,1332,14081,14116,1177,16876,1050,23546,14494,901,1423,1401
hsa-mir-375_mature,984,87,1271,1265,159,1533,206,2377,1129,214,168,123
hsa-mir-6717_mature,0,0,0,14,0,0,0,0,0,0,0,0
hsa-mir-6787_mature,7,1,26,20,11,26,1,6,1,0,19,28
hsa-mir-513a-2_mature,4,0,2,0,0,0,0,6,0,0,0,0
hsa-mir-6839_mature,0,0,0,0,0,0,0,0,6,0,0,0
hsa-mir-365b_mature,0,0,5,25,0,0,71,0,4,0,0,0
hsa-mir-1306_mature,119,206,179,191,1,245,234,279,48,20,82,33
hsa-mir-181d_mature,202,43,5,175,1,164,0,406,282,0,24,35
hsa-mir-4647_mature,27,0,66,94,0,35,0,30,20,0,0,0
hsa-mir-5581_mature,16,0,6,66,0,4,0,0,8,0,0,0
hsa-mir-561_mature,2,0,0,0,0,0,0,0,0,0,0,0
hsa-mir-548ac_mature,0,0,6,0,0,9,0,24,0,0,1,0
hsa-mir-6806_mature,0,0,0,0,0,55,0,12,10,0,0,0
hsa-mir-7155_mature,0,0,0,0,0,13,0,0,0,0,0,0
hsa-mir-7703_mature,42,0,15,16,0,1,0,0,11,0,0,0
hsa-mir-641_unannotated,49,0,45,90,0,261,0,24,82,0,0,0
hsa-mir-618_mature,668,0,974,604,0,1138,0,1000,665,15,28,96
hsa-mir-1285-2_mature,0,0,0,0,0,0,0,0,0,0,19,0
hsa-mir-4762_mature,8,20,20,3,39,4,0,30,13,0,55,0
hsa-mir-299_mature,0,0,0,25,0,0,0,0,1,0,0,0
hsa-mir-18a_mature,779,75,998,1293,217,1273,79,2084,890,143,236,322
hsa-mir-19a_mature,742,110,1696,1517,72,1159,26,1699,1194,236,93,294
hsa-mir-514a-3_mature,0,0,0,0,0,0,0,8,0,0,0,0
hsa-mir-6876_mature,3,0,125,1,0,87,0,2,73,0,0,0
hsa-mir-516b-2_mature,2,0,7,0,0,0,0,0,1,0,0,0
hsa-mir-499b_mature,7,0,0,20,0,0,0,0,8,0,0,0
hsa-mir-203a_mature,50,283,78,177,117,133,46,156,336,123,74,40
hsa-mir-486-1_mature,47,1,52,8,11,15,14,13,5,21,17,57
hsa-mir-513c_mature,0,0,0,0,0,0,0,0,1,0,0,0
hsa-mir-4644_mature,10,0,16,34,0,71,0,174,30,0,0,47
hsa-mir-4511_unannotated,0,0,0,13,0,0,0,0,0,0,0,0
hsa-mir-5583-1_mature,0,0,0,19,0,0,0,0,0,0,0,0
hsa-mir-328_mature,435,287,577,1066,598,831,660,18,362,485,942,742
hsa-mir-5584_mature,0,0,0,0,0,0,0,32,3,0,0,0
hsa-mir-3074_mature,19,0,11,57,0,510,76,50,31,0,1,26
hsa-mir-4756_mature,3,0,0,0,0,0,0,0,0,0,0,0
hsa-mir-4479_unannotated,0,0,0,0,0,0,0,0,10,0,0,0
hsa-mir-1260b_mature,333,145,541,415,49,471,6,821,474,68,74,86
hsa-mir-26a-1_precursor,0,0,0,0,0,0,0,0,1,0,0,0
hsa-mir-3199-1_unannotated,0,0,0,41,0,0,0,26,0,0,0,16
hsa-mir-6798_mature,0,0,0,0,0,0,21,0,0,0,0,0
hsa-mir-2277_mature,21,0,6,52,0,16,0,87,8,0,3,0
hsa-mir-20a_mature,21,296,41,64,607,61,325,58,28,338,277,473
hsa-mir-1289-1_unannotated,10,0,0,0,0,0,0,0,0,0,0,0
hsa-mir-6832_mature,0,0,35,11,0,0,0,0,0,0,0,0
hsa-mir-513a-1_mature,6,0,6,0,0,0,0,6,0,0,0,0
hsa-mir-4662a_mature,6,29,159,77,15,118,9,160,100,12,0,15
hsa-mir-378d-1_mature,9,0,0,0,0,0,0,3,1,0,0,9
hsa-mir-548l_unannotated,0,0,0,0,0,10,0,18,0,0,0,0
hsa-mir-6778_mature,0,0,0,0,0,10,0,0,0,0,0,0
hsa-mir-4739_unannotated,0,0,12,0,0,0,0,0,0,0,0,0
hsa-mir-188_mature,11,0,5,22,11,105,24,140,6,0,0,23
hsa-mir-24-2_mature,387,33,518,397,19190,650,25,649,510,103,4,29
hsa-mir-5009_mature,0,0,68,0,0,0,0,0,11,0,0,0
hsa-mir-4779_mature,0,0,6,34,0,5,0,106,0,12,0,0
hsa-mir-1298_mature,0,0,0,34,0,0,0,0,0,0,0,0
hsa-mir-6769a_mature,1,0,8,16,0,0,0,0,0,6,0,0
hsa-mir-3137_mature,0,0,0,0,0,0,0,0,2,0,0,0
hsa-mir-3157_mature,14,0,6,3,0,19,0,93,3,22,0,0
hsa-mir-6816_mature,35,0,28,43,43,43,0,18,5,0,0,15
hsa-mir-6715a_unannotated,28,0,65,0,0,46,44,6,36,0,6,0
hsa-mir-1301_precursor,0,0,0,0,0,0,0,10,0,0,0,0
hsa-mir-335_mature,1861,1,2165,1946,61,2363,46,3164,1849,61,54,219
hsa-mir-3939_unannotated,24,0,0,6,0,0,0,39,0,0,0,0
hsa-mir-586_mature,0,0,0,19,0,13,0,0,0,0,0,0
hsa-mir-6726_mature,0,2,0,13,6,16,0,0,3,21,0,16
hsa-mir-548u_mature,0,0,0,0,0,23,0,0,0,0,0,0
hsa-mir-655_mature,28,0,13,0,0,48,0,0,28,0,0,0
hsa-mir-379_mature,8,0,27,24,7,14,0,84,1,87,0,24
hsa-mir-3143_unannotated,3,0,10,0,0,38,0,0,0,0,0,0
hsa-mir-128-1_mature,51,11236,162,91,11959,80474,9122,169,80,13,17886,30
hsa-mir-4739_mature,7,0,0,0,0,23,0,0,0,0,0,0
hsa-mir-6890_mature,0,0,6,15,0,0,0,29,0,0,0,0
hsa-mir-4742_mature,20,0,41,65,0,50,16,54,9,76,27,0
hsa-mir-6126_mature,0,0,1,1,0,0,0,0,0,0,0,0
hsa-mir-761_mature,0,0,0,23,0,0,0,0,0,0,0,0
hsa-mir-6759_mature,0,0,0,0,0,18,0,15,9,0,0,0
hsa-mir-4491_mature,0,0,0,31,0,0,0,0,0,0,0,0
hsa-mir-3191_mature,0,0,0,8,0,35,0,0,16,0,0,0
hsa-mir-3149_mature,22,0,0,0,0,0,0,0,0,0,0,0
hsa-mir-1976_mature,10,0,20,21,0,35,0,1,9,0,0,0
hsa-mir-3165_mature,0,0,41,6,0,9,0,0,0,0,0,0
hsa-mir-516a-2_mature,21,31,29,53,0,34,0,76,29,0,0,0
hsa-mir-6791_mature,3,0,15,65,0,2,7,14,8,0,0,0
hsa-mir-202_mature,13,0,4,40,24,0,0,13,3,0,0,0
hsa-mir-10b_mature,35,225,2863,90,605,10,327,3282,6,273,94,253
hsa-mir-3154_mature,2,0,0,8,33,28,0,46,28,0,80,0
hsa-mir-9-2_mature,32,1,61,59,18,42,2,51,35,17,0,12
hsa-mir-556_mature,135,36,158,74,57,164,45,195,179,121,59,108
hsa-mir-6511b-1_mature,43,59,23,99,65,106,28,90,39,36,75,58
hsa-mir-4691_mature,12,0,7,28,0,0,0,0,0,0,0,0
hsa-mir-4771-2_unannotated,0,0,1,0,0,0,0,0,1,0,0,0
hsa-mir-3909_mature,696,141,1169,915,206,963,141,1775,835,102,160,73
hsa-mir-1908_mature,8,32,8,46,8,42,111,16,11,96,26,27
hsa-mir-4793_mature,0,0,0,0,0,0,0,0,2,0,0,0
hsa-mir-3622b_mature,0,0,21,0,0,0,13,0,5,0,0,0
hsa-mir-3664_mature,4,134,11,7,45,14,29,720,29,28,163,32
hsa-mir-4723_mature,10,0,16,49,17,0,0,0,2,0,0,0
hsa-mir-3199-2_unannotated,0,0,0,3,0,0,0,0,0,0,0,12
hsa-mir-6773_mature,13,0,0,9,0,0,0,26,5,12,0,0
hsa-mir-496_mature,0,0,0,36,0,0,0,30,0,0,0,0
hsa-mir-30b_mature,25,103,29,44,599,0,0,25,24,212,0,257
hsa-mir-3657_unannotated,0,0,7,0,0,0,0,0,0,0,0,0
hsa-mir-452_mature,2043,687,2473,2771,408,3428,395,4975,2410,509,832,599
hsa-mir-6803_mature,15,32,1,21,67,71,0,44,0,7,93,0
hsa-mir-6862-1_mature,34,0,81,82,0,34,8,172,27,15,34,18
hsa-mir-3132_mature,17,0,4,0,0,0,0,0,0,0,0,0
hsa-mir-3170_mature,16,3,1,33,0,31,0,74,9,0,0,0
hsa-mir-548av_mature,2,0,0,0,4,0,0,5,4,0,0,0
hsa-mir-320c-1_mature,76,31,115,164,29,245,4,166,106,35,72,21
hsa-mir-559_unannotated,0,0,6,27,0,0,0,25,4,0,0,0
hsa-mir-6878_mature,0,0,0,8,0,0,0,0,0,0,0,0
hsa-mir-4521_mature,0,0,0,0,0,0,0,0,5,0,0,0
hsa-mir-7976_unannotated,9,0,16,0,0,0,0,0,5,0,0,0
hsa-mir-548k_mature,45,0,35,61,2,156,37,59,87,0,0,0
hsa-mir-500b_mature,21,0,53,0,13,35,0,70,53,0,0,0
hsa-mir-410_mature,0,0,8,0,0,0,0,0,0,0,0,0
hsa-mir-609_mature,0,0,0,0,0,0,0,26,0,0,0,0
hsa-mir-15a_mature,204,28,246,122,85,143,20,3,150,22,238,107
hsa-mir-552_mature,6,0,13,1,1,0,0,34,3,0,0,0
hsa-mir-6732_mature,6,0,0,0,0,6,0,0,0,0,0,0
hsa-mir-6752_mature,0,0,0,0,0,0,0,36,0,0,0,0
hsa-mir-6840_mature,0,0,9,0,0,0,0,0,3,0,0,0
hsa-mir-3934_mature,1,32,108,81,18,29,0,115,34,32,0,15
hsa-mir-3184_mature,0,0,0,0,0,0,0,0,8,0,0,0
hsa-mir-17_mature,52,89,117,66,0,101,20,86,107,1,144,0
hsa-mir-485_mature,3,0,6,0,0,0,0,11,19,0,0,23
hsa-mir-6783_mature,36,0,0,0,0,5,0,10,32,0,0,0
hsa-mir-6770-2_mature,0,0,14,4,0,21,0,1,2,0,0,0
hsa-mir-21_mature,840,162,1166,1384,84,1811,102,2704,1107,80,184,121
hsa-mir-5692a-2_mature,1,0,3,0,0,0,0,0,0,0,0,0
hsa-mir-6817_mature,4,0,0,0,0,0,0,0,0,0,0,0
hsa-mir-6843_mature,0,0,18,0,0,3,0,0,12,0,0,0
hsa-mir-4641_mature,0,0,10,0,0,0,0,0,0,0,0,0
hsa-let-7f-2_precursor,0,0,8,0,0,0,0,0,0,0,0,0
hsa-mir-10394_mature,25,0,20,0,0,27,0,72,31,0,0,0
hsa-mir-323a_mature,54,0,69,75,0,27,32,59,68,17,45,0
hsa-mir-542_mature,0,0,0,0,0,12,0,0,0,0,0,0
hsa-mir-3175_unannotated,0,0,0,0,0,0,0,0,30,0,0,0
hsa-mir-570_precursor,0,0,0,0,0,0,0,0,6,0,0,0
hsa-mir-376a-2_mature,12,0,0,0,8,0,8,42,14,0,0,0
hsa-mir-6751_mature,12,0,17,31,0,0,0,36,13,0,0,0
hsa-let-7a-3_mature,91,365,65,102,1,106,5,150,84,14,55,12
hsa-mir-3150b_mature,0,0,5,0,0,0,0,0,5,0,0,0
hsa-mir-208b_mature,0,0,0,3,0,0,0,0,0,0,0,0
hsa-mir-3929_mature,125,71,217,159,0,125,0,202,194,0,0,0
hsa-mir-590_mature,18,0,20,77,0,12,0,24,22,0,25,0
hsa-mir-3173_mature,32,205,61,55,30,90,35,77,68,287,37,245
hsa-mir-3918_unannotated,0,0,0,0,0,0,0,13,0,0,0,0
hsa-mir-3129_mature,10,0,11,0,0,0,0,0,2,0,0,0
hsa-mir-153-1_unannotated,9,0,0,0,0,34,0,20,0,0,0,0
hsa-mir-4685_mature,9,0,4,0,0,0,0,0,2,22,0,0
hsa-mir-6757_mature,0,0,7,0,0,0,0,0,0,0,0,0
hsa-mir-1295a_mature,0,0,0,5,0,0,0,0,0,0,0,0
hsa-mir-885_mature,108,1579,151,242,2,292,37,147,48,12,2618,24
hsa-mir-1291_mature,16,0,27,0,0,65,0,0,22,0,97,0
hsa-mir-4473_unannotated,0,0,0,3,0,0,0,13,6,0,0,0
hsa-mir-1284_unannotated,9,0,0,0,0,0,0,0,0,0,0,0
hsa-mir-660_precursor,0,0,0,11,20,0,0,0,0,0,0,0
hsa-mir-1226_mature,25,40,298,5,81,24,201,889,4,22,243,97
hsa-mir-3188_mature,0,0,51,27,0,25,0,0,25,0,131,0
hsa-mir-199b_mature,414,71,718,548,0,613,7,536,557,46,79,1
hsa-mir-5588_mature,117,59,98,192,171,221,23,122,73,42,0,29
hsa-mir-548o_mature,87,7,214,205,7,168,8,434,188,0,22,20
hsa-mir-3145_mature,113,460,197,110,155,121,24,203,144,196,482,234
hsa-mir-4707_mature,74,0,160,183,72,256,0,120,160,0,37,0
hsa-mir-3160-1_mature,6,0,0,5,0,0,0,0,4,0,8,0
hsa-mir-6780a_mature,13,94,3,38,22,42,0,84,35,0,0,32
hsa-mir-133a-2_mature,16,0,21,33,17,33,0,29,17,0,0,0
hsa-mir-1307_precursor,0,0,0,10,0,0,0,0,0,0,0,0
hsa-mir-516a-1_mature,21,36,32,40,0,42,0,79,40,0,0,0
hsa-mir-508_mature,10,0,8,0,0,3,0,41,10,0,0,0
hsa-mir-6858_mature,2,0,12,0,0,10,0,17,5,18,0,0
hsa-mir-3126_mature,8,0,3,37,20,18,0,14,1,0,0,15
hsa-mir-6790_mature,0,0,0,0,0,0,0,53,0,0,0,0
hsa-mir-4659a_mature,37,0,49,28,0,61,0,124,0,0,0,0
hsa-mir-548aq_mature,0,0,0,0,0,0,0,0,6,0,0,0
hsa-mir-657_unannotated,0,0,0,27,0,0,0,0,0,0,0,0
hsa-mir-7113_mature,9,0,6,19,0,0,0,26,0,0,0,13
hsa-mir-588_unannotated,0,0,0,0,0,0,0,0,10,0,0,0
hsa-mir-3163_mature,0,0,0,0,0,0,0,0,3,0,0,0
hsa-mir-6855_mature,25,0,6,12,18,0,0,0,4,0,0,0
hsa-mir-4740_mature,0,1,0,0,0,0,0,0,0,0,0,0
hsa-mir-218-1_mature,20,0,39,21,15,56,0,53,3,6,12,4
hsa-mir-6810_mature,1,0,0,22,0,26,0,5,3,0,0,0
hsa-mir-3922_mature,0,0,0,0,0,0,0,0,7,0,0,0
hsa-mir-11401_mature,56,1,136,64,0,103,0,192,92,0,0,17
hsa-mir-129-1_mature,28,0,9,21,0,62,0,74,13,10,9,0
hsa-mir-6770-1_mature,1,0,12,2,0,31,0,0,9,0,0,0
hsa-mir-627_mature,51,39,13,61,6,17,21,3,15,12,0,0
hsa-mir-582_mature,14,0,38,18,33,23,0,59,37,20,33,11
hsa-mir-184_mature,78,1,116,85,0,296,0,407,113,21,0,0
hsa-mir-6820_mature,4,0,1,24,0,133,6,121,11,0,13,1
hsa-mir-6851_mature,0,0,23,0,0,10,0,0,3,0,0,0
hsa-mir-935_unannotated,0,0,9,0,0,0,0,0,0,0,0,0
hsa-mir-3652_unannotated,0,0,5,3,0,2,0,0,0,0,0,0
hsa-mir-10398_mature,0,0,2,0,0,0,0,0,0,0,0,0
hsa-mir-3605_mature,115,119,232,273,34,290,19,372,162,19,256,1
hsa-mir-7851_mature,0,0,0,0,0,0,0,0,9,0,0,0
hsa-mir-210_mature,25,177,11,43,18,24,5,411,299,59,31,102
hsa-mir-223_mature,0,0,0,0,0,0,0,28,21,0,0,0
hsa-mir-7108_mature,0,0,26,0,0,10,0,34,7,0,0,0
hsa-mir-30d_mature,65,18357,39,35,20165,85,16721,39,48,17856,28268,30673
hsa-mir-301a_mature,111,1,148,223,34,135,14,224,98,77,0,35
hsa-mir-34c_mature,0,0,0,0,0,34,0,0,0,0,0,0
hsa-mir-3944_mature,21,60,32,20,0,23,1,28,4,0,2,0
hsa-mir-3198-1_mature,6,0,0,5,0,9,0,5,3,0,0,0
hsa-mir-30a_mature,167,3,347,164,58,36,32,327,330,4,71,57
hsa-mir-1286_mature,11,0,0,0,0,0,0,0,0,0,0,0
hsa-mir-940_mature,132,136,140,65,57,272,47,264,169,31,77,69
hsa-mir-7705_mature,12,0,93,58,0,104,0,56,34,0,0,0
hsa-mir-548d-1_mature,0,0,0,3,0,0,0,0,5,0,0,0
hsa-mir-4467_unannotated,0,0,0,0,0,0,0,0,0,12,0,0
hsa-mir-34b_mature,14,0,0,0,0,0,0,0,6,0,0,0
hsa-mir-6728_mature,10,0,6,8,0,52,0,22,23,0,0,15
hsa-mir-5583-2_mature,0,0,0,18,0,0,0,0,0,0,0,0
hsa-mir-1287_mature,67,0,135,31,0,51,0,95,59,0,0,0
hsa-mir-329-1_mature,39,15,30,46,0,55,11,158,36,0,18,10
hsa-let-7i_mature,4095,51,8859,4113,43,5205,157,6401,6521,99,310,280
hsa-mir-522_mature,70,0,41,19,0,98,0,127,31,0,0,12
hsa-mir-4695_mature,24,0,10,43,0,0,48,35,3,0,132,18
hsa-mir-491_mature,16,1,14,102,89,12,3,16,44,0,0,4
hsa-mir-219b_mature,11,0,12,17,0,0,0,0,8,47,0,0
hsa-mir-3128_mature,91,0,141,44,0,51,51,216,188,0,0,0
hsa-mir-5587_mature,0,0,0,0,0,0,0,9,9,0,0,0
hsa-mir-101-2_precursor,18,0,12,0,0,0,0,25,17,0,0,0
hsa-mir-1256_unannotated,0,0,10,5,0,13,0,0,0,0,0,0
hsa-mir-6844_unannotated,0,0,0,0,0,0,0,0,7,0,0,0
hsa-mir-4489_mature,0,0,0,0,0,0,0,0,8,0,0,0
hsa-mir-6814_mature,3,0,15,0,0,0,0,0,5,0,0,0
hsa-mir-4733_mature,4,0,0,0,0,0,0,43,0,0,0,0
hsa-mir-466_unannotated,3,0,0,0,0,0,0,37,12,0,0,0
hsa-mir-6737_mature,0,0,16,0,0,0,0,46,11,0,0,0
hsa-mir-4522_mature,9,0,0,0,0,0,0,0,7,0,0,0
hsa-mir-26b_mature,90,49,109,205,3,136,1415,203,118,1116,1944,14
hsa-mir-1843_unannotated,2,0,0,0,0,18,0,35,6,0,0,0
hsa-mir-4727_mature,53,0,39,44,35,32,0,54,31,0,0,0
hsa-mir-219a-1_mature,28,176,5,58,74,204,10,109,147,7,40,0
hsa-mir-512-1_mature,14,6,1,37,0,36,9,11,47,0,10,11
hsa-mir-4449_unannotated,18,0,1,34,0,17,0,53,16,0,0,0
hsa-mir-548ar_mature,1,0,15,12,0,0,0,40,17,0,0,0
hsa-mir-363_mature,0,0,6,0,0,0,0,0,0,0,0,0
hsa-mir-98_mature,21,1,16,32,73,27,7,19,40,1,16,88
hsa-mir-3198-2_mature,9,0,0,0,0,7,0,11,4,0,0,0
hsa-mir-551a_unannotated,28,0,0,52,0,31,5,26,12,0,47,6
hsa-mir-584_mature,557,373,708,957,254,944,90,1124,525,100,227,157
hsa-mir-6885_mature,0,0,2,0,3,0,0,0,6,0,0,0
hsa-mir-7111_mature,24,41,21,30,18,38,41,148,6,0,24,15
hsa-mir-6777_mature,0,0,2,13,0,0,0,51,0,0,0,0
hsa-mir-3121_mature,12,0,13,39,0,26,0,33,19,0,0,0
hsa-mir-6768_mature,0,0,0,5,0,13,7,0,0,0,0,0
hsa-mir-7854_mature,213,0,289,276,0,472,112,267,333,65,26,40
hsa-mir-509-3_mature,0,0,1,0,0,0,7,0,0,0,0,0
hsa-mir-3194_mature,31,28,15,25,0,9,0,22,35,0,0,0
hsa-mir-12132_mature,1,0,14,0,0,41,0,0,7,0,0,0
hsa-mir-34a_precursor,0,0,0,4,0,0,0,0,0,0,0,0
hsa-mir-7-3_precursor,0,0,0,0,0,0,0,0,10,0,0,0
hsa-mir-548f-1_mature,19,0,2,13,0,0,0,0,0,0,0,0
hsa-mir-34a_stemloop,15,0,0,0,2,31,0,0,12,13,0,0
hsa-mir-203b_mature,0,0,0,0,0,0,0,0,7,0,0,0
hsa-mir-7706_mature,334,481,662,900,37,1159,34,1071,452,3,113,157
hsa-mir-3124_mature,0,0,14,0,0,0,0,27,20,0,0,0
hsa-mir-6883_mature,0,26,3,0,0,0,0,0,11,27,0,0
hsa-mir-5090_mature,0,0,7,0,0,0,0,0,0,0,0,0
hsa-mir-625_mature,118,782,99,74,334,233,502,89,137,60,746,627
hsa-mir-224_mature,124,8715,195,33,13319,172,39,206,227,11063,15896,14250
hsa-mir-643_mature,29,0,25,31,0,37,0,16,46,0,0,3
hsa-mir-421_unannotated,7,0,6,0,0,0,0,0,4,0,0,0
hsa-mir-6802_mature,0,0,8,0,0,0,0,10,5,0,0,0
hsa-mir-3689b_mature,0,0,0,0,0,0,0,3,0,0,0,0
hsa-mir-204_mature,22,0,28,13,0,10,0,79,4,41,0,0
hsa-mir-3529_mature,0,0,30,21,0,0,0,0,16,0,0,0
hsa-mir-101-1_mature,14820,2445,22234,30517,1924,26661,2002,39231,21603,1805,2853,3147
hsa-mir-6894_mature,19,0,5,19,0,13,7,0,9,14,0,0
hsa-mir-518c_mature,0,0,11,0,0,0,0,22,0,0,0,0
hsa-mir-195_mature,53,0,9,27,0,50,0,36,3,0,0,0
hsa-mir-520d_mature,7,1,0,19,0,0,0,0,0,0,0,0
hsa-mir-616_mature,262,2,329,525,52,248,16,338,277,25,65,24
hsa-mir-4713_mature,99,65,1,310,274,144,6,171,67,21,114,63
hsa-mir-183_mature,191,18,185,157,4502,366,2762,277,205,3378,18,49
hsa-mir-6825_mature,0,0,0,0,0,0,0,0,6,0,0,0
hsa-mir-578_unannotated,41,23,14,68,36,71,0,88,4,0,0,25
hsa-mir-4734_mature,0,0,14,0,0,0,0,0,11,0,0,0
hsa-mir-548u_unannotated,0,0,4,0,0,0,0,0,9,0,0,0
hsa-mir-6879_mature,0,0,0,16,0,0,0,0,0,0,0,0
hsa-mir-891a_mature,125,0,181,45,0,295,0,247,104,0,0,0
hsa-mir-16-2_mature,7089,513,10925,9205,526,10980,639,15576,9772,682,1036,1074
hsa-mir-4467_mature,32,8,77,16,0,68,22,95,67,0,0,0
hsa-mir-4286_mature,0,0,20,0,0,20,8,0,9,0,53,0
hsa-mir-10394_unannotated,0,0,2,0,0,0,0,0,0,0,0,0
hsa-mir-4765_mature,0,0,25,0,0,0,0,0,0,0,0,0
hsa-mir-7974_mature,0,0,0,0,0,9,0,0,0,0,0,0
hsa-mir-103a-1_stemloop,0,0,0,0,0,0,0,17,0,0,0,0
hsa-mir-4775_mature,55,0,50,9,0,2,0,34,20,0,0,0
hsa-mir-18a_stemloop,0,0,0,0,0,0,0,10,0,0,0,0
hsa-mir-495_mature,10,0,30,47,0,91,0,66,37,0,57,0
hsa-mir-4667_mature,18,0,23,93,0,88,0,52,34,19,0,0
hsa-mir-28_mature,5207,401,11302,6692,118,7157,282,7916,8642,254,408,487
hsa-mir-548s_mature,25,0,0,0,0,0,0,41,0,0,0,0
hsa-mir-3116-2_mature,0,0,9,0,0,0,0,0,5,0,0,0
hsa-mir-548e_mature,9,0,15,566,0,275,0,14,5,0,46,4
hsa-mir-2110_unannotated,99,110,66,134,31,98,3,161,61,0,41,10
hsa-mir-1915_mature,10,0,7,3,11,39,0,20,9,24,62,0
hsa-mir-4508_unannotated,0,18,0,0,0,0,0,0,0,0,0,0
hsa-mir-146a_mature,331537,46909,428414,503762,41078,553370,33463,810851,425952,40557,72713,43636
hsa-mir-6818_mature,2,0,18,32,0,10,0,1,13,0,0,0
hsa-mir-498_mature,0,1,3,8,0,10,0,11,12,0,0,0
hsa-mir-5089_mature,18,0,12,41,0,87,0,14,11,0,0,0
hsa-mir-125a_mature,462,9,567,599,162,964,166,1019,708,88,217,185
hsa-mir-3144_precursor,1,0,0,0,0,0,0,0,0,0,0,0
hsa-mir-891b_mature,0,0,2,0,0,0,0,0,0,0,0,0
hsa-mir-3117_mature,0,0,0,0,0,0,0,0,10,0,0,0
hsa-mir-99b_mature,3568,251,5904,5382,348,6560,421,7351,4282,389,596,341
hsa-mir-6785_mature,0,0,0,30,0,0,0,0,0,0,0,0
hsa-mir-3620_precursor,0,34,0,13,48,0,0,0,0,0,0,0
hsa-mir-509-1_mature,0,0,2,0,0,2,5,0,0,0,0,0
hsa-mir-933_unannotated,0,0,0,0,0,0,0,0,8,0,0,0
hsa-mir-6715a_mature,947,78,1292,1811,250,1432,111,2611,1230,67,248,136
hsa-mir-760_mature,1304,232,1801,2765,166,1992,128,2665,1695,155,287,293
hsa-mir-338_mature,67,32,52,53,345,153,23,75,86,5,624,18
hsa-mir-6882_mature,23,39,8,0,0,43,17,33,9,0,0,0
hsa-mir-579_mature,6,0,65,30,10,19,0,12,5,0,0,0
hsa-mir-548aw_mature,0,0,10,38,0,0,0,0,22,0,0,0
hsa-mir-539_mature,0,0,0,9,0,26,0,0,9,0,0,0
hsa-mir-543_mature,53,27,61,119,0,34,0,125,85,0,15,1
hsa-mir-6781_mature,0,0,0,0,0,0,0,0,5,16,0,0
hsa-mir-629_mature,26,1734,77,71,986,28,1076,138,15,916,1821,1645
hsa-mir-607_mature,6,0,0,0,0,0,0,0,0,0,0,0
hsa-mir-140_mature,645,60,1300,725,141,851,59,971,744,1,261,50
hsa-mir-520f_precursor,0,0,0,0,0,0,0,0,2,0,0,0
hsa-mir-2116_mature,49,49,14,144,43,191,30,56,37,35,27,0
hsa-mir-6741_mature,9,0,8,26,0,0,0,0,2,0,5,0
hsa-mir-2467_mature,0,0,15,0,0,0,0,11,0,0,0,0
hsa-mir-10527_mature,122,25,339,293,2,300,0,372,151,22,0,25
hsa-mir-30d_stemloop,0,0,0,0,23,0,0,0,0,0,0,0
hsa-mir-6889_mature,0,0,6,54,0,7,0,38,0,0,0,0
hsa-mir-1289-1_mature,5,0,2,0,0,0,0,4,6,0,0,0
hsa-mir-3942_mature,18,1,31,59,0,19,0,19,40,0,0,0
hsa-mir-6822_mature,4,20,0,0,0,0,0,0,0,0,0,0
hsa-mir-6812_mature,16,0,0,0,35,39,0,0,0,0,0,0
hsa-mir-381_mature,13,0,12,29,0,13,0,11,23,18,0,0
hsa-mir-222_mature,18,290,19,9887,16,29,366,10,1,338,540,880
hsa-mir-3682_mature,36,0,28,84,0,0,0,87,26,30,72,0
hsa-mir-3620_mature,18,0,8,40,0,28,0,11,0,0,5,18
hsa-mir-4784_mature,0,0,0,7,0,0,0,0,0,0,0,0
hsa-mir-1229_stemloop,0,0,0,5,0,0,0,9,0,0,0,0
hsa-mir-5004_mature,0,0,6,55,32,40,13,20,0,0,80,7
hsa-mir-1269a_unannotated,331,13,360,293,37,357,91,518,424,156,139,156
hsa-mir-122_mature,12062,5159,15515,5,4007,145,2385,26680,18,3471,4010,3497
hsa-mir-98_precursor,9,0,2,0,0,0,0,0,0,0,0,0
hsa-mir-525_mature,0,0,4,21,0,0,0,0,0,0,0,0
hsa-mir-5706_mature,10,0,0,0,0,12,0,0,3,0,0,0
hsa-mir-4788_mature,0,0,15,23,0,0,0,31,0,0,0,0
hsa-mir-4690_mature,8,0,0,0,0,85,0,0,0,0,0,0
hsa-mir-502_mature,24,0,49,0,0,44,0,0,30,0,0,0
hsa-mir-4433b_mature,0,0,0,0,0,28,0,0,7,0,0,0
hsa-mir-6753_mature,10,0,10,2,0,0,0,44,4,0,0,0
hsa-mir-140_stemloop,0,0,0,0,0,0,13,26,0,0,0,0
hsa-mir-25_precursor,4,0,0,0,0,0,0,0,0,0,0,0
hsa-mir-628_mature,208,73,187,167,1,265,3,178,234,19,1,53
hsa-mir-6891_mature,0,0,4,0,0,0,0,0,0,0,0,0
hsa-mir-4786_mature,0,0,0,26,0,0,24,64,8,0,0,0
hsa-mir-3661_mature,180,0,254,273,21,284,0,389,191,55,13,0
hsa-mir-1224_mature,31,0,4,0,0,87,0,15,62,0,0,0
hsa-mir-519c_mature,38,0,0,12,0,0,0,0,7,0,0,0
hsa-mir-3611_mature,2,0,6,18,0,0,0,23,6,0,0,0
hsa-mir-24-1_precursor,0,0,6,0,0,0,0,0,8,0,0,16
hsa-mir-23b_mature,1546,83,2109,2429,384,3421,231,2699,1668,235,328,374
hsa-mir-124-2_mature,5,16,4,6,0,0,0,3,1,0,0,0
hsa-mir-1283-1_mature,0,0,0,8,0,0,0,5,0,18,0,0
hsa-mir-520f_mature,0,0,3,0,0,0,0,0,0,0,0,0
hsa-mir-652_mature,1144,98,1813,1389,79,1634,27,1617,1791,44,366,79
hsa-mir-3190_mature,44,0,58,49,0,0,0,52,20,0,0,17
hsa-mir-487b_mature,37,0,29,151,0,60,1,57,48,0,37,0
hsa-mir-1307_mature,618,129,684,1447,212,1214,56,1280,729,80,75,194
hsa-mir-3613_mature,88,0,108,72,28,84,45,65,50,6,0,75
hsa-mir-636_mature,32,0,59,10,0,1,0,89,25,43,0,0
hsa-mir-6745_mature,13,0,33,8,15,124,0,0,19,0,0,0
hsa-mir-574_mature,19,6172,26119,30,7661,46423,5102,55562,3,4858,10968,6624
hsa-mir-3684_mature,20,0,23,31,0,45,0,50,28,0,0,0
hsa-mir-9983_mature,0,0,15,0,0,0,0,0,0,0,0,0
hsa-mir-548q_mature,0,0,6,0,0,0,0,2,0,0,0,0
hsa-mir-3614_precursor,0,0,4,0,0,0,0,0,0,0,0,0
hsa-mir-7850_mature,0,0,4,0,0,0,0,29,4,0,0,0
hsa-mir-1277_mature,20,0,42,26,0,0,0,11,11,0,0,0
hsa-mir-23a_mature,54,0,156,115,0,68,0,225,151,34,195,38
hsa-mir-211_mature,0,0,0,10,0,0,0,0,0,0,0,11
hsa-mir-103a-2_mature,55,0,35,41,0,147,0,121,59,0,0,0
hsa-mir-9903_unannotated,0,0,0,0,0,0,0,0,1,0,0,0
hsa-mir-4688_mature,0,0,18,0,0,0,13,0,5,0,0,0
hsa-mir-29b-1_mature,166,0,227,236,17,161,67,268,211,22,754,537
hsa-mir-515-1_mature,0,0,0,0,0,4,0,0,0,8,0,0
hsa-mir-6516_mature,25,0,4,18,13,127,0,1,16,0,0,0
hsa-mir-3685_mature,11,0,2,27,0,0,0,5,5,0,0,0
hsa-mir-346_mature,0,0,8,0,0,0,0,0,0,0,0,0
hsa-mir-4709_mature,0,0,1,0,0,0,1,49,19,0,0,0
hsa-mir-4517_mature,0,0,10,0,0,0,0,0,11,0,0,0
hsa-mir-5003_mature,0,0,0,0,0,0,0,24,0,0,0,0
hsa-mir-1-2_mature,245,17,423,444,13,311,0,621,308,50,1,21
hsa-mir-597_precursor,0,0,0,0,0,0,0,12,0,0,0,0
hsa-mir-6515_mature,8,0,47,32,18,20,0,23,30,0,28,0
hsa-mir-6769b_mature,0,0,0,0,0,0,0,0,6,0,0,0
hsa-mir-4669_mature,21,0,56,120,0,0,0,69,39,30,0,0
hsa-mir-1246_mature,1,0,0,2,0,3,0,28,3,0,0,0
hsa-mir-550a-2_mature,8,4,16,17,2,34,15,25,17,0,19,51
hsa-mir-2278_mature,0,0,26,0,0,23,0,0,0,0,0,0
hsa-mir-10395_stemloop,0,0,0,10,0,0,0,0,0,0,0,0
hsa-mir-518b_mature,0,0,0,0,0,0,0,0,7,0,0,0
hsa-mir-329-2_mature,26,12,34,51,0,66,13,148,31,0,13,7
hsa-mir-5010_mature,14,67,7,71,130,201,34,72,28,18,94,132
hsa-mir-1249_mature,34,68,7,16,0,6,28,9,14,28,57,12
hsa-mir-4716_mature,0,0,7,13,0,8,0,131,0,0,0,24
hsa-mir-5699_mature,11,0,0,0,11,0,0,0,6,0,0,0
hsa-mir-338_precursor,0,0,0,0,15,0,8,0,0,0,0,0
hsa-let-7i_precursor,0,0,0,2,0,0,0,0,13,0,0,0
hsa-mir-1293_unannotated,0,0,0,0,0,0,0,18,4,0,0,0
hsa-mir-181a-1_mature,486,44,743,27,113,710,67,767,5,14,199,142
hsa-mir-570_mature,10,0,1,1,52,16,0,14,3,18,0,0
hsa-mir-3646_mature,0,0,0,0,0,0,0,0,6,0,0,0
hsa-mir-4689_mature,27,63,31,47,33,23,0,155,29,40,28,8
hsa-mir-96_stemloop,2,0,0,0,0,1,0,0,0,0,0,0
hsa-mir-6513_mature,7,0,15,26,0,18,0,26,38,8,0,15
hsa-mir-33b_mature,15,0,7,0,0,19,0,0,1,0,0,0
hsa-mir-642a_mature,7,0,19,2,0,0,0,44,31,0,0,0
hsa-mir-1237_mature,2,0,0,3,19,10,0,0,2,68,0,0
hsa-mir-1180_mature,18,12,78,95,2,29,713,83,23,13,1311,4
hsa-mir-1288_mature,33,0,46,59,0,17,0,54,26,0,0,0
hsa-mir-3909_unannotated,28,0,43,93,10,49,8,92,40,1,0,18
hsa-mir-3064_mature,8,0,1,28,0,125,0,77,18,0,0,0
hsa-mir-6529_mature,52,66,9,31,29,35,24,25,39,83,166,69
hsa-mir-933_mature,19,0,14,64,0,46,0,31,100,0,0,9
hsa-mir-5696_mature,16,0,8,9,0,0,0,0,24,0,0,0
hsa-mir-106a_mature,0,1,0,0,0,0,0,0,1,0,2,0
hsa-mir-6740_mature,1,0,0,48,0,90,0,83,11,0,0,1
hsa-mir-6877_mature,16,0,54,9,0,0,0,97,29,0,24,0
hsa-mir-3680-1_mature,2,0,3,4,0,27,0,11,1,17,19,0
hsa-mir-4785_mature,0,0,22,0,0,0,0,0,0,0,0,0
hsa-mir-4999_mature,0,0,0,0,0,0,0,35,0,18,0,0
hsa-mir-10399_mature,98,1,155,83,12,117,44,96,83,20,57,0
hsa-mir-4746_mature,50,0,147,13,6,114,0,82,72,0,0,0
hsa-mir-943_mature,16,0,10,0,0,0,0,23,1,12,0,0
hsa-mir-3158-1_mature,1,58,92,108,14,160,6,29,4,34,104,69
hsa-mir-548b_mature,3,0,60,6,15,16,0,72,57,0,0,0
hsa-mir-6880_mature,4,0,4,0,0,0,48,0,1,0,0,0
hsa-mir-4437_mature,0,0,25,5,0,0,0,13,0,0,0,0
hsa-mir-7973-2_unannotated,24,0,3,0,1,30,0,49,4,0,0,0
hsa-mir-6821_mature,8,37,21,17,0,16,0,2,33,75,0,0
hsa-mir-519a-2_mature,10,0,0,0,0,0,0,0,0,0,0,8
hsa-mir-6846_mature,0,0,15,29,0,0,0,0,11,0,0,0
hsa-mir-4672_mature,0,0,0,0,0,17,0,0,0,0,0,0
hsa-mir-6758_mature,10,0,25,12,18,13,0,6,17,0,0,0
hsa-mir-124-3_mature,3,11,3,7,0,0,0,6,5,0,0,0
hsa-mir-548j_mature,6,0,21,0,0,11,0,0,16,0,0,0
hsa-mir-6815_mature,11,0,16,154,0,64,3,8,10,7,0,24
hsa-mir-3688-2_mature,23,0,41,8,11,40,0,28,26,8,0,21
hsa-mir-12117_mature,0,0,0,0,0,0,0,49,0,0,0,0
hsa-mir-431_mature,0,0,0,0,0,0,0,0,6,0,0,0
hsa-mir-937_mature,154,43,115,15,51,10,77,184,157,65,0,27
hsa-let-7e_stemloop,17,0,0,14,0,0,0,0,1,0,0,0
hsa-mir-6749_mature,0,0,0,8,0,31,3,0,0,0,18,0
hsa-mir-6895_mature,8,0,20,0,0,0,0,0,2,0,0,0
hsa-mir-767_mature,44,0,0,0,0,37,0,12,18,0,0,0
hsa-mir-150_mature,12,0,21,5,0,0,0,8,0,0,0,0
hsa-mir-3182_mature,3,0,9,0,0,7,0,5,3,0,0,0
hsa-mir-4498_mature,32,0,24,29,0,76,0,4,31,0,0,0
hsa-mir-4787_mature,0,0,28,0,0,0,0,0,17,0,0,0
hsa-mir-4488_mature,0,0,2,0,0,0,0,0,0,0,0,0
hsa-mir-1291_unannotated,0,0,0,0,0,0,0,2,0,0,0,0
hsa-mir-125a_precursor,15,0,10,6,0,0,0,0,2,0,0,8
hsa-mir-192_precursor,0,0,0,0,0,4,0,9,0,0,0,0
hsa-mir-486-2_mature,67,53,40,4,6,39,11,16,8,28,9,66
hsa-mir-6791_stemloop,0,0,0,21,0,0,0,0,0,0,0,0
hsa-mir-10395_mature,8,0,11,0,0,0,0,20,12,27,58,0
hsa-mir-122b_mature,47,0,89,71,0,12,0,226,100,0,0,39
hsa-mir-3160-2_mature,6,0,0,5,0,0,0,0,6,0,8,0
hsa-mir-2277_precursor,0,0,0,0,0,0,0,10,0,0,0,0
hsa-mir-888_mature,55,0,125,126,0,192,0,174,80,0,0,0
hsa-mir-942_mature,102,136,64,57,82,167,25,175,137,55,33,77
hsa-mir-6797_mature,7,0,3,17,0,0,0,12,5,0,0,0
hsa-mir-5591_mature,0,0,0,9,0,0,0,0,0,0,0,0
hsa-mir-29a_mature,31,13348,20,58,44,44,8091,94,8,11165,16571,13396
hsa-let-7a-1_mature,87,358,73,66,397,124,11,156,99,13,65,8
hsa-mir-4457_mature,0,0,40,13,0,13,0,0,7,0,0,0
hsa-mir-3199-1_mature,0,0,0,1,0,0,0,7,13,0,0,0
hsa-mir-5194_mature,0,0,0,0,0,17,0,0,0,0,0,0
hsa-mir-106b_precursor,0,0,0,0,0,0,0,0,6,0,0,0
hsa-mir-4738_mature,12,0,24,0,0,27,0,18,13,0,0,0
hsa-mir-1197_mature,0,0,0,0,0,13,0,0,0,0,0,0
hsa-mir-4526_mature,0,0,0,0,0,0,0,13,0,0,0,0
hsa-mir-18a_precursor,0,0,0,0,0,8,0,0,0,0,0,0
hsa-mir-153-2_mature,0,0,8,0,0,0,0,0,4,0,0,0
hsa-mir-1-1_mature,239,14,421,499,13,294,0,524,336,43,0,30
hsa-mir-10523_mature,0,0,0,0,0,0,0,0,3,0,0,0
hsa-mir-3116-1_mature,0,0,7,0,0,0,0,0,3,0,0,0
hsa-mir-5006_mature,3,0,16,11,0,16,0,16,3,0,0,0
hsa-mir-6801_mature,0,0,0,3,0,1,0,0,5,0,0,0
hsa-mir-4665_mature,0,0,11,0,28,0,0,106,13,0,5,0
hsa-mir-939_mature,14,0,0,0,17,0,0,25,10,0,0,0
hsa-mir-197_stemloop,0,0,3,0,0,0,0,0,0,0,0,0
hsa-mir-7-2_mature,3009,160,4772,3440,134,4002,124,4219,3671,154,202,206
hsa-mir-181b-2_mature,670,98,40,499,58,836,40,1180,924,0,7,38
hsa-mir-4745_mature,24,27,40,67,104,96,6,62,74,42,63,12
hsa-mir-3131_mature,34,25,44,151,38,17,0,62,76,31,0,2
hsa-let-7f-2_mature,18,454,12335,4324,419,6520,314,4969,8260,185,356,283
hsa-mir-5189_mature,24,0,5,23,0,6,0,35,41,0,0,26
hsa-mir-548ay_mature,11,0,43,0,0,0,4,26,44,26,0,0
hsa-mir-142_mature,7,69,5,9,12,26,0,0,11,22,0,0
